259943	Marie
114503	Anna
102041	Margrethe
83320	Karen
74209	Kirstine
68733	Kirsten
67097	Johanne
65803	Elisabeth
59911	Else
59278	Anne
55050	Inger
52922	Mette
51558	Louise
50337	Maria
49325	Ellen
48844	Kristine
48488	Hanne
47001	Sofie
43585	Inge
40863	Susanne
37673	Helle
37237	Grethe
36494	Marianne
35530	Lene
34119	Gerda
33832	Birthe
33806	Charlotte
33327	Bente
33312	Birgit
32803	Tove
32166	Edith
31594	Ruth
30431	Kathrine
29411	Pia
29237	Lone
28677	Christine
28210	Camilla
28159	Emilie
27883	Jytte
27767	Jette
27522	Birgitte
26376	Helene
26334	Bodil
26310	Julie
25805	Lis
25573	Katrine
25496	Lise
25468	Ulla
25162	Gitte
25154	Ingeborg
24847	Eva
24817	Tina
24389	Gudrun
24029	Irene
23517	Cecilie
22629	Ane
22570	Christina
22519	Vibeke
22489	Ingrid
22123	Annette
22062	Ida
21954	Rikke
21325	Emma
21161	Laura
20500	Karin
20324	Agnes
20136	Erna
20092	Mary
20069	Pernille
19799	Mathilde
19586	Anette
19398	Aase
18855	Dorthe
18837	Lisbeth
18809	Astrid
18555	Helga
18221	Esther
17830	Heidi
17799	Signe
17596	Line
17539	Inga
17458	Amalie
17250	Jensine
17036	Henriette
16825	Dorthea
16458	Elise
16409	Merete
16363	Alice
15716	Ella
15367	Sonja
15254	Rigmor
15205	Hansine
15161	Karoline
15006	Maren
14963	Lilly
14860	Margit
14735	Elly
14727	Jenny
14454	Martha
14270	Dorte
14188	Valborg
14062	Olga
13921	Caroline
13854	Karina
13755	Frederikke
13738	Trine
13434	Anni
13247	Rita
13236	Lykke
13192	Jane
13019	Malene
12948	Maja
12757	Elna
12537	Sara
12485	Nanna
12466	Agnete
12160	Linda,Andrea
11994	Stine
11987	Dagmar
11875	Dagny
11679	Nina
11645	Asta
11558	Nielsine
11429	Sigrid
11413	Mona
11219	Cathrine
11189	Anja
11181	Solveig
10706	Jonna
10593	Lillian
10243	Anita
10098	Grete
10068	Ebba
9959	Lotte
9948	Ester
9801	Mia
9733	Rosa
9636	Viola
9471	Jeanette
9397	Henny
9297	Annelise
9125	Britta
9088	Petra
9025	Sarah
9003	Gurli
8910	Birte
8811	Vera
8749	Ann
8373	Sophie
8349	Vilhelmine
8316	Tine
8310	Agnethe
8307	Laila
8198	Michelle
8195	Connie
8172	Ketty
8169	Karla
8163	Joan
8154	Augusta
7998	Alma
7990	Petrea
7808	Betty
7792	Oda
7748	Kristina
7627	Edel
7626	Ragnhild
7594	Ditte
7587	Bettina
7400	Magdalene
7356	Annie
7241	Clara
7214	Lisa
7200	Eleonora
7051	Doris
7043	Lilian
6944	Simone
6940	Mie
6931	Lena
6830	Elin
6763	Olivia
6685	Magda
6530	Berit
6483	Carla
6334	Thora
6317	Josefine
6297	Frida
6292	Yvonne
6264	Tanja
6223	Vivi
6203	Mariane
6081	Kamilla
6078	Emmy
6057	Betina
6002	Gunhild
5987	Elsebeth
5836	Sanne
5832	Margrete
5827	Anny
5817	Elvira
5794	Randi
5743	Lydia
5719	Klara
5718	Minna
5596	Susan
5557	Amanda
5522	Martine
5509	Rasmine
5457	Lea
5307	Janne
5290	Oline
5287	Lærke
5248	Hedvig
5226	Carina
5206	Jannie
5195	Sørine
5162	Lilli
5155	Freja
5139	Kristiane
5125	Conny
5107	Nicoline
5071	Bertha
5004	Meta
4974	Christiane
4965	Victoria
4959	Kamma,Gertrud
4889	Harriet
4861	Ingelise
4855	Elisa
4843	Britt
4817	Kate
4793	Nikoline
4791	Lissi
4788	Petrine
4786	Sandra
4740	Herdis
4726	Helena
4506	Irma
4491	Liselotte
4416	Isabella
4401	Jørgine
4293	Janni
4257	Katja
4190	Diana
4183	Josephine
4177	Helen
4171	Iben
4118	Juliane
4104	Hilda
4020	Winnie
3955	Marlene
3852	M
3837	Anne-Marie
3728	Vita
3708	Poula,Dora
3699	Ninna
3533	Therese
3526	Nadia
3519	Thi
3516	Majbritt
3420	Eline
3403	Krista
3380	Anine
3370	Maiken
3348	Thea
3316	Anne-Mette
3305	Kaja
3283	Iris
3273	Thyra
3244	Metha
3144	Solvejg
3120	Pouline
3081	Ina
3062	Sofia
3060	K
3042	Laurine
3016	Ellinor
2996	Mai
2993	Liv
2963	Christa
2932	Annalise
2916	Elsa
2911	Lizzie
2900	Ilse
2880	Alfrida
2860	Rebecca
2833	Lisbet
2832	Mille
2827	Hanna
2823	Theodora
2801	Nancy
2770	Benedikte
2731	Alberte
2694	Annika
2692	Yrsa,Rose
2676	Vivian
2637	Alexandra
2635	Sabrina
2629	Inge-Lise,Anne-Lise
2627	Sine
2621	Paula
2610	Bolette
2584	Sidsel
2563	Viktoria
2562	Alvilda
2555	Maj-Britt
2542	Ragna
2475	Lissy
2467	Monica
2461	Selma
2457	Johanna
2450	Elinor
2427	Merethe
2423	Maj
2417	Rebekka
2414	Pauline
2398	Bitten
2365	Agathe
2331	Conni
2320	Stephanie
2314	Matilde
2301	Jeanne
2284	Dorrit
2283	Evelyn
2265	Stella,Annemette
2247	Hertha
2228	Dina
2173	Judith
2170	Jakobine
2163	Naja
2110	Luise
2109	Lise-Lotte,Natasja
2086	Nora
2085	Majken
2066	Elfrida
2051	Sabine
2050	Cecilia
2034	Julia
2028	Erika
2027	Barbara
2021	Elisabet
2018	Lizzi
2008	Annemarie
2003	Hansigne
1959	Elizabeth
1951	Nelly
1943	Sylvia
1940	Majbrit
1930	Kjestine
1929	Nathalie
1883	Christel
1868	Fie
1853	Karna
1852	Eli
1850	Mariann
1843	Gry
1841	Nadja
1834	Fanny
1788	Marie-Louise
1787	Kathe
1765	Patricia
1758	Ena
1752	Tenna
1716	Katharina
1707	Maibritt
1697	Dorothea
1684	Jasmin
1659	Natascha
1656	Hannah
1651	Sussi
1644	Margot
1642	Marian
1630	Catharina
1629	A
1626	Norma
1609	Wilhelmine
1606	Sophia
1598	Jutta
1592	Nicole
1573	Bothilde
1550	Magna
1514	Rie
1507	Sille
1491	Regitze
1478	Benedicte
1469	Larsine
1458	Hjørdis
1456	Lynge
1454	Melanie
1445	Zenia
1433	Jeannette
1431	Brita
1424	Benthe
1391	J
1382	E
1381	Elva
1363	Stina
1358	Jacobine
1346	Birtha
1341	Evy
1338	Monika
1336	Boline
1329	Regine
1326	Kira
1322	Lina
1319	Dusine
1318	Nana
1314	Linnea,Lissie
1311	Mai-Britt
1306	Luna
1298	Sisse
1296	Malou
1295	Emilia
1289	C
1286	Søs
1280	Ea
1279	Dorit
1273	Lovise
1272	Belinda
1261	Unavngivet,Ali
1257	Catrine
1237	Elvine
1229	Jeanett
1225	Sabina
1224	Cæcilie
1223	Lisette
1215	Melissa,Elena
1214	Fatima
1212	Hedevig
1210	Lily
1206	Gerd
1203	Severine,Natasha
1200	Marina
1197	Hulda,Fatma
1184	Birgith
1183	Celina
1181	June
1179	Marion
1161	Vang
1151	Abelone
1150	Marna
1147	Lonnie
1140	Sascha
1135	May
1132	Natalie
1131	Maya
1123	Lili
1108	Sussie
1107	Thomine
1106	Theresa
1105	Anne-Sofie
1098	Isabel
1095	Ingerlise
1093	Beate,Jensigne
1087	Kim
1086	Nanny
1085	Åse
1082	Frieda
1079	Emily
1077	Solvej
1075	Estrid
1071	Antoinette
1070	Bianca
1068	Ritta
1067	Claudia
1063	Teresa
1055	Yasmin
1039	Anne-Grethe
1032	Margarethe
1021	Antonie
1020	Margareta
1018	Ellis
1017	Hilma,Birgitta
1015	Sally
1012	Ursula
1011	Irena
1007	Marta
1000	Leila
996	Liva,Jul
995	Franciska
988	Annine
983	Vibe
981	Katarina
978	Linette
976	Margaret
972	Sif
967	Linea
966	Leonora
964	Vicki
962	Jessica
958	Miriam
957	Gunver
956	Suzanne
953	S
952	Gyda
951	Michella
940	Celine
939	Brit
936	Jennifer
927	Anna-Lise
923	Kia
921	Margaretha
915	Xenia
911	Sissel
906	Greta
905	H
903	Ayse
897	Antonia,Ethel
890	Else-Marie
887	Constance
886	Mimi
882	Sandie
881	Kit
880	Michala
878	Lucie
877	Vinni
876	Regina
875	Silke
874	Mariam
870	Tilde,Tinna
868	Hildegard
866	Johnna
852	Nynne,Inger-Lise
845	Birgithe
844	Gunvor
839	Bibi
836	Jessie
835	Denise,Ottilie
832	Dyveke
829	Kitty
826	Sidse
825	Krestine
821	Albertine
807	Judithe
805	Vinnie
803	Liss
791	Guldborg,Ada,Stefanie
790	Camille
780	Alis
778	Terese
774	Louisa
770	Jeanet
766	Joy
765	Lonni
762	Agda
761	Daniella
757	Lajla
754	Kathinka
753	Hildur
751	Jacqueline
749	Bjørg
745	Debora
742	Carmen,Mathea
741	Rosalie
740	Hassan
736	Othilie
732	B
729	Christence
718	Freya
717	Ahmad
715	Cornelia
713	Marthine
711	Magdalena
710	Kristence
708	Lizette
701	Susie
699	Auguste
697	Maud
695	Ulrikke
691	Stinne
685	Adelheid
684	Michele,Amina,Theresia
683	Anitta
681	Kjerstine
674	Angela,Mine,Lucia
671	Didde,Tania
659	Veronica,Gunna
656	Bolethe,Elli
650	Madsine,Jill
649	Silje
647	Ann-Sofie
645	Michaela
644	Edit
643	De
642	Tonny
640	Kari
633	Edna,Lee
629	Joanna
626	Lenette
625	Margarete
624	Thilde
620	Natalia
619	Jean,Hatice
618	Zahra
616	Brigitte
613	L
612	Mira
611	Catharine,Emine
610	Vanda
609	Mina
608	Adda
607	Rakel,Kamille,Anna-Marie,Nete
602	Berta
600	Ulrikka
597	Siri,Martina
596	Amy
595	Monique,Katinka
593	Bo
592	Wanda
591	Edle
590	Marianna
589	Bonnie
588	Mathilda
583	Filippa
582	Susanna
581	Ghita,Winni
576	Justine
568	Mohamad
565	P
560	Kristin
559	Nikita
558	Judy
554	Veronika,Vicky
553	Magdaline
552	Ely
549	Lona
548	My,Margith
542	Sheila
539	Maibrit,Myrna
530	Adele
527	Lissa
525	Merry
522	Molly
521	Tanya
520	Marit
516	Marry
515	Ronja
514	Gretha,Natacha
513	Flora
512	Nielsigne
511	Lonny,D
510	N
509	Allis,Ritha
508	Siff
503	Rud,Anne-Grete
502	Tekla,Irmgard,Neel
499	Mari
498	Madeleine,Kerstin,Gunda
494	Abdi
493	Ana
492	Rosine
491	Puk
490	Renate,Isabell,Kimmie
489	Elsebet
486	Vanessa
484	Kæthe,Anina
482	Aida
479	Runa
478	Benigne
477	Synnøve,V
474	Janet,Etly,Gisela
472	Eugenia,Marguerite
471	Anika
469	Rachel
468	Maybritt,Fritze
466	Dea,F
465	Boe
464	Beth
462	Tea,Tatiana,Ewa
460	Grace
459	Nini
458	Cristina
457	Daisy
456	Gro,Berith
454	Samira,Thomasine,Ngoc
453	Grith
452	May-Britt
451	Janina
449	Elsine
447	Yelva
446	Elfriede
445	Methea,Hella,Angelica
443	Borghild
442	Eugenie,Antonette,Zeynep
441	Toni,Danielle,Hansa
439	Amalia,Engel
438	Georgine
436	Catherine
435	Amal
434	Mitzi,Renée
433	Augustine,Othilia
431	Monna
426	Käthe
425	Jeannie,Beatrice,Iman,Thuy
423	Elida
422	Beathe,Daniela,Ibrahim
420	Bertine
415	Cecillie
411	Franziska,Gabriella
410	R,Aleksandra
409	Cille
407	Silja
405	Margretha
402	Katharine
400	Bebiane,Liza
399	Lola
398	Kitt,Angelika
397	Maia
396	Heide
394	Nadine
393	Elsie
392	Annegrethe
390	Tinne
388	Elke
387	Helvig,Maryam
386	Manja,Hermine
385	Cicilie,Ilona
383	Josefa
381	Anne-Dorthe
380	Benny
379	Naomi
378	Henni
377	Carolina,Laurette
376	Jytta,Mikkeline
375	Katrin,Malgorzata,Anastasia
374	Chalotte,Jo,Sasha,Tora
373	Emmely,Kis
372	Roma,Melisa
371	Siv
368	Nathalia
366	Adolfine,Leni,Renee
363	Melina,Ottomine
361	Anneli,Mikala
360	Katarzyna
359	Erica
357	Karen-Margrethe,Ann-Marie
356	Kirsti,Thanh
355	Elzbieta,Caja,Zofia
354	Dianna
353	Zainab
352	Irina
351	Wivi,Karolina
349	Ayoe
347	Cindy,Ottilia,Lilja
345	Sacha,Gitta
344	Gina
343	Isabelle
342	Rosalia,Suzan,Bende
341	Claire
340	Aya,Herta,Jennie
339	Elma,Lill,Anne-Sophie
338	Gunilla
337	Otilie
336	Nur,Katy
332	Ingefred
331	Zita
330	Ruby
329	Gunild
327	Gjertrud
326	Nuka,Salome
325	Bjørk,Mirjam
324	Abdul,Bergliot
323	Selina,Isa
322	Lejla,Thekla
320	Andersine,Sahra,Fiona
319	Sanna,Sys,Edele
318	Chanette,Løkke
317	Inge-Marie,Elene
316	Aviaja
314	Hanan,Karline
312	Debbie,Tonni
311	Elina,Kristense
310	Noomi
309	Abigael,Alfa,Vitta
308	Pil,Aisha
307	Erikka,Sultan,Sigrun
306	Michela,Jasmina
305	Addy,Krystyna,Lydie,Dorethe
303	Irmelin,Gladys
302	Ninette,Carola,Farah,Nada
301	Phuong
300	Kathleen
299	Rina,Inger-Marie,Gertrude,Aurora
298	Silvia
296	Sinne,Mildred
295	Annegrete
294	Britha,Hilde,Dana,Linn,Marita
292	Cassandra,Annita
291	Aino,Rut
290	Levin
289	Alberta
287	Amira
285	Annitta
284	Rosemarie,Lin
283	Inge-Merete,Tone,Claudine,Leyla,Ann-Britt
282	Jenni,Ingegerd,Alba
281	Elga
280	Beata,Felicia,Mohammed
279	Sanni,Samantha
278	Cathrina,Hong
277	Karen-Marie
276	Svea
275	Marga,Gyrithe,Thu,Celia,Kaya
274	Berthine,Ottine,Magny
273	O
272	Meryem,Stefania,Eleonore,Margarita,Fadime
271	I,Dortea,Desiree,Lara
270	Paninnguaq,Alina,Eileen,Ann-Mari,Tatjana
269	Norman,Githa
268	Anelise,Janie
267	Yasemin
266	Fernanda,Konny,Anne-Dorte,Alida
265	Katrina,Anna-Grethe
264	Aja,Hedwig,Emina
263	Sonia,Rabia,Merle,Marika
261	Maggie,Ane-Marie,Svetlana
257	Alise,Ludovika,Alvine,Sasja
256	Le,Benita
255	Luisa,Aagot
253	Gabrielle
252	Maj-Brit,Tamara,Emmelie,Salma,Agnieszka,Anh,Gunder
251	Susi
250	Alexandrine,Jolanta
249	Fadumo
248	Aslaug,Stinna,Anne-Louise,Smilla
247	Vickie,G
245	Azra
244	T,Elif,Ann-Louise
243	Magrethe,Valentina,Abdullahi
242	Inez,Khadija,Marija
241	Esra
240	Paulina
239	Marietta,Henrikke,Elvina,Frandsine,Dorete
238	Siw,Thala,Kimie,Jonny,del,Tabita
237	Bonne,Mariette,Gyde,Merve,Lulu
236	Kiki,Said,Gunhilda,Alicia,Lita,Anett
235	Enid,Sahar
234	Salomine
233	Batseba
232	Danuta
231	Verna,Diane,Halina,Gabriela
230	Vilma,Marguerita,Nellie
229	Aline,Florence,Catarina
228	Dicte,Ida-Marie,Ines,Unni,Zeinab,La,Berthe,Bella
227	Kathrina,Nivi
226	Marchen,Angelina,Ivy,Albine,Bendte,Manuela
225	Elfride,Juliette
224	Tomine,Suzette,Edda
223	Kirstin,Joyce,Benta
222	Francisca
221	Dinna,Anne-Margrethe,Friederike,Jelva,Nicola
220	Tessa,Pi,Lucca
219	Alexia,Lillie,Bethina
218	Maggi,Kiss,Florentine
217	Saleh,Käte,Nickie,Thit,Virginia,Rosita
216	Ulrika,Aurelia,Lizzy,Konstance
215	Leah
214	Hedda,Josepha,Pipaluk
213	Anne-Katrine,Fornavn
212	Denice,Rise,Liane,Ally,Malika,Cirkeline
211	Zeliha,Susse,Izabella
210	Eda,Sannie,Noor
209	Rana,Zehra,Erla,Elaine,Otilia,Annesofie
208	Zandra,Bine
207	Simona,Georgia,Desirée,Eddy
205	Hannelore,Manna,Annett
204	Kerstine,Lan,Jamila
203	Dilek,Jadwiga
202	Milla,Guri,Malvine,Dan,Barbro,Carin
201	Sandy,Musse
200	Cindie,Philippa,Hildeborg
199	Oktavia,Gunni
198	Li
197	Dorothy,Wilma,Mercedes,Maria-Louise
196	Brith,Fatemeh
195	Esma
194	Lynn,Ernestine,Halima,Emely
192	Turid,Esme
191	Nette,Wendy
190	Charlotta,Mei,Huda,Renata,Ivalu
189	Muna,Frances,Asha,Teresia,Chatrine,Maline
188	Adriana,Bengta,Fransiska
187	Christin,Bernhardine,Margret
186	Mi,Majbrith,Lisse,von,Wilhelmina,Christense
185	Nour
184	Mabel,Wenche
183	Manal,Bent,Fatme,Catja
182	Mary-Ann,Sibel,Hacer
181	Malin,Barner,Zoe,Mimmi,Adelaide
180	Elenora,Matilda
179	Sana,Bich,Sabrine
178	Derya,Milena,Kathrin
177	Ann-Sophie,Anneliese,Gulla,Zara,Rena,Chrestine
176	Miranda,Gunnild,Jelena,Hana,Grazyna,Asma
175	Sabah,Ivalo,Lovisa,Mari-Ann
174	Jaqueline,Hülya,Regitse,Esta,Øllegaard,Carol
173	Oliva,Jasmine
172	Stanislawa,Jamal,Amelia,Jacoba
171	Flavia,Alvilde,Povline,Sevim,Alfhild,Vini,Serife,Amelie
170	Ege,Tuyet,Yvette
169	Elife,Ebru,Loa,Riborg,Gundhild,Magnhild,Rigborg,Haldora
168	Deborah,Tara,Gustava,Melek,Anya
167	Naima,Malena
166	Alette,Ady,Maha
165	Pamela,Heine,Gabriele,Chili
164	Eliza,Petronella,Aina,Anne-Kathrine,Alicja,Annet
163	Margueritha,Elsemarie,Dorota,Huong
162	Mette-Marie,Axeline,Jin,Lissen,Bozena,Heike,Dorathea
161	Kornelia,Naya,Hanni,Janette,Rona
160	Laurentine,Oluffa,Henrikka,Karola,Metta
159	Bernadette,Petræa,Jana,Jørga
158	Melike,Shila,Nathja,Adel,Alia,Sanja,Jørna
157	Abeline,Mariana,Aicha,Lidia,Songül,Katherine
156	Verona,Cemile,Birta,Sadia
155	Micha,Inna,Samia,Christinna,Laurence
154	Trille,Halime,Gytte,Lya,Abel,Sharon
153	Alisa,Betinna,Tabitha,Bahar,Edvardine
152	Josefina,Bessie,Jessine,Marwa
151	Antje,Thordis,Tugba,Bushra,Karima,Botilde
150	Kirsa,Arnaq,Lucy,Türkan
149	Gül,Justa,Abdel,Gertie,Maryan,Henrietta
148	Glennie,Eve,Agneta,Annelie
147	Kübra,Helma,Karine,Metty,Najaaraq,Dania,Ying,Katty,Adela,Hiba,Nathasja
146	Mika,Nawal,Helin,Leise
145	Shirley,Othilde,Annamarie,Lotus,Vilhelma,Annica
144	Edla,Emelie,Sia,Van,Octavia,Safia
143	Senada,Gloria,Semine
142	Sanela,Ute,Nan,Konkordie,Vigga
141	Janna,Megan,Bentine,Marine,Cherie
140	Sol,Sun,Ayan,Liddy,Betzy,Donna,Anna-Sofie,Meng,Palma
139	Hellen,Arnannguaq,Aaris,Manny,Valentine,Apollonie,Lida,Eja,Teodora,Tonie,Hilleborg,Agate
138	Thao,Edina,Trang,Herma,Johna,Albertha,Kaia
137	Judit,Anke,Thue,Amani,Frederikka,Lillan,Alfride,Suna,Filiz,Dilara,Nanette
136	Inge-Lis,Özlem,Elsabeth,Alva,Malak,Vally,Lilia,Mildrid
135	Layla,Alaa,Cathinka,Manon,Litta,Annelis
134	Marentine,Milly,Nita,Ingeburg,Hilal,Margareth,Anne-Merete,Kay,Tony,Iwona,Dilan,Anitha
133	Alberthe,Ulrike,Isidora
132	Abir,Soffy,Winie
131	Ane-Sofie,Farida,Jama,Yen,Anne-Birgitte,Wicki,Vesna,Bertheline,Ofelia
130	Elle,Amela,Jona,Saida,Ria,Mee,Brigitta
129	Sevgi,Lillemor,Knudsine,Katia,Linh,Dolly,Najannguaq,Eunike
128	Jeannett,Susann,Cecillia,Shazia,Valeria,Kæte
127	Minh,Dung,Reidun,Sebrina,Ani,Judi
126	Saima,Aviaaja,Aysel,Nethe,Elisebeth,Rania
125	Liisa,Hoa,Alison,Violet,Francoise,Ivana,Elvi
124	Una,Annina,Gritt,Katerina,Ann-Katrine,Darling,Gudny
123	Any,Samar,Nissine,Lavra,Michell,Aynur,Blenda
122	Rose-Marie,Kicki,Leonie,Lønne,Chelina,Galina,Björk,Sussanne,Catherina,Canan,Gulli,Valerie,Marthe
121	Lana,Lolita,Lia,Souad,Anwar,Ellen-Margrethe,Arendse,Cathrin,Dolores,Vilhelmina,Heba,Seher,To
120	Gülüzar,Yusuf,Latifa,Annabell,Gita,Anemone
119	Gunhilde,Meral,Mirjana,Siham,Mikaela,Silva,Konradine
118	Xuan,Selin,Elmine,Anisa,Brynhild,Methe,Babette
117	Ania,Randa,Petronelle,Rima
116	Coco,Ansine,Freia,Betül,Antonina,Roberta,Hodan,Camila,Inger-Margrethe,Skyldfri,Tasja,Naasunnguaq,Sigridur,Adeline
115	Gun,Mirsada,Susana,Polly,Rudi,Urszula,Lien,Kristel
114	Mettine,Aud,Emmeli,Fleur,Henriethe,Ayten,Maybrit,Rukiye,Wera,Lai,Stjerne
113	Hanin,Izabela,Jeanie,Sylva,Priscilla,Yildiz,Malu,Nanni
112	Meliha,Sigga,Bell,Noa,Elsbeth,Gytha,Suzana,Natasia
111	Feline,Leona,Medina,Kirstina,Brenda,Ry,Ingelis,Sema,Dinah
110	Jani,Albina,Hylleborg,Juliana,Paneeraq,Ekaterina,Alhed
109	Yun,Angelique,Malina,Søster,Hoda,Dorith,Christie,Amra,Anna-Margrethe,Najat,Büsra
108	Waltraud,Kiri,Mirela,Klaudine,Illona,Fransine,Kikki,Marja,Tascha,Anna-Maria,Ditte-Marie,Simonia
107	Dorthie,Pinar,Ann-Charlotte,Lindis,Oksana,Margrit,Anne-Lene
106	Mathine,Agata,Faiza,Agna,Natali,Tyra,Vive,Kajsa,Asmaa,Nathali,Varla,Noreen,Gamze,Habiba,Lou,Nasrin
105	Dalia,Otta,Ramona,Rosalina,Yan,Hoang,Serpil,Nesrin,Kornelie,Juliet,Ninni,Dianne,Holga,Aniela
104	Anne-Lis,Gülay,Gülsüm,Annelene,Berrit,Konni,Fatema,Ovidia,Anike,Elita,Maureen,Eleanor
103	Leena,Gundel,Pilunnguaq,Pearl,Salim,Jena,Chanett,Aviaq,Povla,Nille,Sanny,Phyllis,Alfrede,Anna-Lisa
102	Bibiane,Orpa,Kimberly,Claudi,Dragica,Vanja,Cynthia,Synøve,Annagrethe,Hamide,Semra,Francesca
101	Berivan,Mila,Najaraq,Litten,Salwa,Marjun,Jing,Ahlam,Flor,Sonny
100	Liljan,Young,Ottoline,Ha,Cæcilia,Grit,Yu,Dine,Gine,Milka,Catalina,Jackie,Hermandine,Hala,Gert
99	Tülay,Addi,Matine,Sinna,Ayla,Ova,Madeline,Thim,Suzi
98	Blanca,Erene,Nhi,Liz,Engeline,Loise,Lei,Kyung,Kelly
97	Sheena,Samina,Tuperna,Aziz,Hariet,Gordana,Soon,Antomine,Adile,Johansine
96	Bea,Steffanie,Arna,Tordis,Sanaa,Nga,Loan,Julianna,Anna-Louise,Sinem,Cora,Fatime,Dalal,Gunnel
95	Ling,Dudu,Celeste,Marjatta,Edita,Vigdis,Hanh,Knudine,Hamid,Natashia,Salli,Ljiljana,Nova,Serap,Kitte,Trein,Sevda,Safa,Ghada
94	Petri,Sari,Winifred,Wally,Silvana,Faten,Margaritha,El,Da
93	Conradine,Olavia,Elham,Georgina,Akhtar,Geert,Otto,Drude,Cordelia,Sina,Danijela,Olena,Birna,Israa,Signa,Mitzie
92	Selda,Thale,Dunja,Gusta,Agatha,Krestina,Janice,Zahraa,Kista,Methine,Savannah,Juline,Dijana,Mikol,Serine
91	Iryna,Anneline,Gunborg,Ludovica,Houda,Mona-Lisa,Wafaa,Shahnaz,Paola
90	Parveen,Mai-Brit,Føbe,Hanim,Perihan,Adi,Ann-Christina,Milica,Rasha,Nauja,Nelli,Elionora,Tia
89	Gunde,Tonnie,Liff,Natja,Ane-Lise,Arife,Neslihan,Rashid,Engly,Jeannet
88	Jorunn,Emel,Zarah,Senia,Rune,Juanita,Hafsa,Solvig,Kitura,Mollie,Emmi,Nuray,Annalisa,Rebecka,Reni
87	Serie,Botilla,Ninett,Beinta,Asia,Jessy,Chantal,Margreta,Elis,Chi,Pilar,Yung
86	Hava,Udøbt,Steffie,Kamal,Turi,Åsa,Tabia,Charlott,Emly,Wickie,Marguerithe,Arzu,Hanife,Zohra,Eman,Havva,Senta,Zina,Signora,Rahma,Ilsa
85	Karen-Lise,Aziza,Rinda,Sakina,Hani,Estella,Olea,Janine,Merri,Dominique,Anne-Cathrine,Liana,Johnny,Zanne,Nabila,Sima,Malue,Violeta,Arnanguaq,Bibbi
84	Cleo,Vika,Hayat,Alwine,Ajla,Jasminka,Merab,Ulla-Britt,Mahdi,Melitta,Hamdi,Kristinna,Adan,Salina,Zarina,Liliana,Asiye,Zahida,Channie,Svanhild,Lieselotte,Ritva
83	Heidie,Joanne,Tetyana,Joo,Herle,Anie,Jordan,Gretchen,Bashir,Najma,Lenea,Majse,Doreen,Dot
82	Zitta,Aia,Kathy,Katarine,Fevre,Nasreen,Katalin,Lorena,Larsigne,Olava,Aleyna,Eveline,Nurten,Vitha
81	Gunn,Korna,Kylle,Sumaya,Kevser,Jozefa,Berfin,Viki,Laurentze,Adolphine,Annikki,Elia,Sus,Enisa,Randy,Andree,Adamine
80	Loni,Haraldine,Hanny,Natasa,Friederikke,Hang,Keth,Ann-Dorthe,Nadin,Medine,Ethly,Farzana,Gertha,Emira,Odette
79	Maibrith,Pernilla,Mirja,Tahira,Clare,W,Nhu,Cita,Kitti,Lizet,Yasmine,Anne-Kirstine,Lisi,Gülsen,Milred,Carita
78	Yeter,Marin,Nomi,Jamilla,Gülcan,Saliha,Maryanna,Nønne,Cristine,Rahime,Amine,Nukannguaq,Nermin,Melinda,Benthine,Anne-Birthe,Navarana,Inaluk,Lilla,Marya,Sandi
77	Tupaarnaq,Mouna,Hawa,Hussain,Benna,Hildegaard,Min,Camma,Gerly,Leonore,Gørrild,Apollonia,Faduma,Nuriye,Tuba,Samah,Jeanine,Beatriz,Penille,Frauke,Akram
76	Erni,Egidia,Sadaf,Nuran,Arnatsiaq,Maija,Sengül,Ophelia,Evely,Dragana,Ettie,Lila,Rand,Saad,Tram,Sølve,Kezia,Makbule,Muriel
75	Cigdem,Razia,Rosina,Lizie,Hue,Hamida,Herborg,Akseline,Cate,Sølvi,Athena,Anthony,Funda,Kasandra,Kathryn,Hanne-Lise,Quynh,Nazia,Gizem,Aysegül,Klaudia,Etla
74	Reem,Urania,Engelke,Amin,Tu,Synne,Vinie,Rosemary,Yeliz,Zia,Khadra,Nimo,Nurcan,Rukhsana,Nilsine,Haji
73	Anthonia,Slavica,Ammy,Ragnhilda,Sylwia,Biljana,Gul,Nasra,Shukri,Minne,Charlothe,Sira,Ayah,Addie,Cilie,Fadia,Naia,Eila,Olina
72	Evelina,Bette,Feodora,Mathie,Mehtap,Mejse,Luz,Helm,Ingeline,Berna,Batoul,Sika,Thelma,Naz,Safiye,Uzma,Halimo,Stefani,Nuunu,France,Issa,Hien
71	Sinikka,Joseffa,Ayo,Marcella,Valgerda,Nahid,Fenja,Corinna,Anemarie,Blanche,Mischa,Hortensia,Snezana,Lesley,Ydun,Kamila,Anthonie,Wafa,Faith,Hendrika,Sabrin
70	Henrijette,Sue,Hendrine,Wivian,Belma,Dawn,Fariba,Ilselil,Janny,Jensy,Beyza,Bartholine,Leslie,Radmila,Alvira,Marikka,Fay,Shamim,Rim
69	Verena,Trude,Maike,Jenna,Ludmila,Gyritha,Mikela,Manar,Marcela,Kersti,Jayne,Ketti,Diem,Ayfer,Elfrieda,Sükran,Helmi,Lil,Sebora,Hanadi,Hazel,Shannon,Ranghild,Larisa,Nanett,Vendel,Frede,Danica,Asli
68	Abegael,Alla,Fatiha,Henna,Rani,Kausar,Irem,Ingemarie,Demet,Raquel,Cilla,Svava,Graves,Zorica,Fritse,Aka,Frederike,Alfi,Farhiya,Khalida,Edy,Najarak,Malaika,Tess
67	Bendine,Cammilla,Bess,Nell,Saba,Gülten,Soffi,Lavrine,Adelina,Shabnam,Mereta,Yolanda,Gemma,Zakia,Ann-Kathrine,Hazal,Minnie,Aneta,Emanuella,Hadil,Rola,Melita
66	Kjersti,Zenta,Kieu,Antine,Merima,Wei,Hanaa,Amir,Anna-Mette,Adelhaid,Evi,Nilda,Kimmi,Penelope,Marenta,Cansu,Vida,Feride,Mitra
65	Otine,Suada,Björg,Dee,April,Nimet,Peggy,Amna,Bergitte,Henrika,Nataliya,Sibylle,Syrene,Maybrith,Seyma,True,Bina,Walborg,Keziban,Bentha,Adina,Ljubica
64	Ramiza,Shirin,Lidy,Stanislava,Verny,Ville,Hawo,Andrine,Bergljot,Cilia,Cheri,Lizi,Margrét,Maise,Kazimiera,Wibeke,Annike,Parvin,Jorun,Lorraine,Nevin,Gaia,Fouad,Hejdi,Erena,Hope,Meltem,Pernelle,Lenda,Livia,Estelle,Ellida,Kaisa,Paarnannguaq,Noura,Abigail,Arla,Yasmina
63	Anka,Ene,Jessi,Rachida,Francis,Linna,Rubin,Channe,Sila,Uiloq,Leopoldine,Alvina,Mettea,Anab,Viktorie,Lorentze,Ola,Didi,Nermina,Kristiina,Eulalia,Karentine,Marilyn,Inger-Lis,Huriye,Anastassia,Sawsan,Audrey,Lore,Aden,Sabiha
62	Anneke,Litha,Saskia,Duygu,Cenia,Thalia,Sefika,Adelhejd,Seline,Jacobe,Robina,Zille,Mirna,Shahida,Danner,Naseem,Laurentia,Bilha,Nazli,Anne-Line,Sikkersoq
61	Paprika,Mireille,Fartun,Mitte,Beatrix,Alena,Betsy,Huyen,Etty,Hennie,Thurid,Bergithe,Heather,Zascha,Elsi,Mikka,Ilknur,Sheikh,Mirza,Martin,Lillia,Nhung
60	Cicilia,Ilham,Erikke,Ellen-Marie,Genowefa,Ann-Charlott,Edly,Mathia,Fine,Hui,Antonine,Kanne,Frigg,Genovefa,Chris,Olufa,Lynne,Shabana,Gunny,Efra,Tilly,Silla,Vivi-Ann,Roza,Maida,Medea,Rudolfine,Shaheen,Hajar
59	Shanna,Esmeralda,Mariah,Eina,Kristella,Rosanna,Weronika,Inge-Margrethe,Arnajaraq,Kætty,Elka,Farhat,Serina,Guðrún,Ingibjørg,Rayan,Iqra,Isra,Thine,Masja,Evnike,Villy,Shaima,Shahla,Berteline,Wiktoria
58	Ann-Christin,Ingunn,Ingerid,Wicky,Fidan,Chau,Ly,Larissa,Fro,Ann-Mette,Indira,Senay,Nusrat,Munira,Lourdes,Jensmine,Filippine,Aysun,Rene,Cam,Cecile,Jannike,Justina,Latife,Laurense,Wiebke,Annisette,Lorna,Wladyslawa,Bronislawa
57	Eske,Patrizia,Chloe,Uni,Suad,Sussan,Kadriye,Aimee,Kimi,Jannet,Sallie,Sissi,Olive,Torill,Sylvie,Ylva,An,Rosario,Güllü,Masoumeh,Hege,Seda,Tiffany,Mac,Harris,Salima,Delia,Anne-Christine,Anna-Grete
56	Sita,Fatou,Ai,Aylin,Magrete,Clausine,Adelgunde,Sofie-Amalie,Katherina,Melika,Hayriye,Eva-Maria,Mara,Wieslawa,Asa,Iren,Dorette,Nicholine,Mete,Jose,Arnanguak,Juana,Neda,Clarissa,Lisanne,Colette,Eun,Carly,Annabella,Vega,Minni,Harda,Ema,Sarina,Abida,Asmine,Chanel,Marzena,Kathja,Benni
55	Mona-Lise,Salam,Lizza,Begitte,Ceylan,Malan,Waltraut,Emmeline,Lif,Lamia,Corina,Marleen,Dunia,Hind,Elmas,Marguritha,Gillian,Minona,Enny,Linett,Concordia,Dida,Carrie,Lorenze,Jelle,Gull-Maj,Yi,Enis,Sinnet,Oanh,Georgette,Metine,Alejandra,Anna-Sophie,Amila
54	Karly,Xin,Shannie,Susy,Razija,Sunneva,Döne,Nicolette,Romana,Josefin,Dominika,Daphne,Kisser,Eliane,Iluna,Helle-Vibeke,Marcelle,Svitlana,Ayat,Sajida,Poulina,Ubah,Laurentse,Annebeth,Tova,Christiana,Ann-Dorte,Hansina,Rhode,Gustave,Lioudmila,Ifrah,Ebbe,Lenna
53	Ping,Beryl,Wini,Marisa,Etta,Reyhan,Sigfrida,Justyna,Bao,Natalija,Yang,Miroslawa,Germaine,Annalis,Roswitha,Vilna,Truc,Gythe,Vira,Linne,Neriman,Jonasine,Marjorie,Nura,Vilja,Rubina,Anneken,Idun,Kristín,Ane-Mette,Sybille,Arnaaraq
52	Annmari,Nielda,Annsofie,Döndü,Tam,Natuk,Adisa,Solbjørg,Anne-Vibeke,Sati,Nurgül,Ann-Lise,Sidonia,Merita,Jun,Alli,Uyen,Ingela,Kecia,Raziye,Tonje,Vivien,Fatuma,Liliane,Abukar,Marie-Luise,Nida,Tabetha,Marentha
51	Friedel,Violetta,John,Rawan,Gerti,Jeanna,Therecia,Noemi,Rozalia,Nasim,Benedikta,Sirin,Maryann,Tonna,Meriam,Marthea,Chatarina,Saadia,Tulle,Leonia,Madina,Helmine,Leokadia,Farideh,Unna,Panik,Gerty,Sole,Rositta,Ismeta,Ann-Cathrine,Albertina,Lidija
50	Chanet,Sultana,Ludmilla,Unn,Wai,Marica,Daria,Eris,Aasa,Sena,Gudrund,Halla,Jurgita,Ibi,Sonni,Roya,Dondü,Lubna,Lora,Marlena,Ovine,Sümeyye,Ji,Ninon,Hatun,Monia,Jóhanna,Jonni,Noelle,Yvonna,Suzanna,Alda,Trinh
49	Enna,Jasna,Filipine,Alfreda,Chenette,Tonja,Mari-Louise,Hatidza,Safine,Raja,Thrine,Lilje,Katie,Batool,Nanet,María,Vi,Erzsebet,Nguyet,Chathrine,Aggi,Michèle,Maritta,Terttu,Naila,Saira,Ikram,Sandrine,Nukaaraq,Willy,Soheila,Ela,Athalie,Anne-Lisbeth,Jakobe,Branka,Margarit,Mercy,Vibekke,Elsabe,Anica,Aff,Malle
48	Veronique,Caterina,Karis,Denize,Xiao,Brunhilde,Ninne,Milan,Vikki,Dia,Emanuela,Nisa,Rosette,Salem,Frey,Malvina,Henryka,Latif,Yamina,Elonora,Ann-Kristin,Røskva,Mediha,Annemie,Nia,Naduk,Tanni,Manly,Rabab,Eva-Marie,Mihaela,Glady,Birgitha,Jakoba,Niviaq,Ariane,Iram,Annamaria,Hibo,Ira,Ashraf,Ejna,Paninguaq,Rehana
47	Jade,Fahima,Han,Mariechen,Editha,Mahnaz,Tien,Lucienne,Mignon,Jia,Ingegard,Kam,Fadila,Abeer,Susette,Gytta,Serena,Idil,Kristjana,Inken,Ljubinka,Ann-Karina,Fozia,Seval,Eivor,Elvilda,Gail,Esry,Sundus,Uta,Michael,Zübeyde,Lisy,Safiya,Michel,Lisabeth,Sania,Benedicta,Paninguak,Villi,Petrina,Ninja,Hau,Eunice,Anne-Kristine,Caia,Ting,Naciye,Nor
46	Elitha,Thien,Elinora,Maxine,Necla,Anne-Gitte,Eta,Emeli,Nafisa,Nejla,Friedericke,Ingfred,Hillevi,Christella,Nanne,Hanne-Marie,Mery,Almira,Eike,Corinne,Sørene,Berglind,Carole,Nihal,Figen,Isolde,Steinunn,Pascale,Kassandra,Britt-Marie,Ludvikka,Amne,Fia,Charmaine,Rahima,Merian,Benda,Hajrija,Soraya
45	Hai,Saynab,Michelly,Kjesten,Birgitt,Arnak,Benedichte,Maj-Lis,Hervør,Ghazala,Senem,Joelsine,Durita,Nargis,Na,Sirkka,Nichole,Etna,Hua,Senija,Marijana,Katha,Tuula,Aima,Sølva,Hardy,Ernstine,Yuliya,Hasna,Linnéa,Titti,Carna,Hilborg,Teresita,Zaineb,Der,Nikkie,Sejla,Yusra,Patrycja
44	Othine,Sashia,Anastacia,Viveca,Annbritt,Olympia,Dorethea,Sagal,Lennie,Villa,Gülseren,Rosaline,Florentina,Andre,Lori,Najah,Janett,Anne-Maria,Djonna,Thilda,Farzaneh,Agnetha,Burcu,Geraldine,Hawraa,Ingebjørg,Ciliane,Else-Margrethe,Myung,Birka,Julija,Layal,Jihad,Jovanka,Nadezda,Chen,Melani,Sakarine,Sigrún,Arnarulunnguaq,Aila,Aly,Fardowsa,Güler,Cia,Tasnim
43	Lilan,Meriem,Narges,Inger-Merete,Steffani,Nitta,Zaynab,Marichen,Ann-Lis,Ezgi,Lucyna,Nilüfer,Dines,Nicolina,Duyen,Bing,Ala,Yasmeen,Phoebe,Ega,Ingibjörg,Tanne,Roda,Jonnie,Alisha,Elvig,Yvonn,Nine,Ann-Berit,Boa,Mui,Juan,Eliana,Anna-Lis,Thoma,Tvilling,Faisa,Edyta,Nighat,Giovanna,Kader,Kinga,Zabrina,Bogumila,Clementine,Rasa,Sophy
42	Vikka,Nivikka,Zerina,Mortine,Kanwal,Tracy,Victorie,Dorde,Nikolina,Lianne,Eeva,Kunigunde,Asima,Emili,Jan,Safaa,Steffi,Ma,Ceren,Chanell,Alpha,Sunniva,Amar,Anna-Karina,Alix,Shakila,Marijanne,Anastasija,Winnifred,Rubi,Elny,Dusanka,Bera,Sharif,Embla,Sebahat,Unnur,Luiza,Dorthy,Gundil,Refika,Ngan,Jess,Sysser,Wencke,Saniye,Gunvar,Elsy,Nilie,Junie,Sladjana,Shiva,Maj-Brith,Josephina,Sebina,Gülhan
41	Sexta,Karelia,Irna,Stephania,Sonya,Yazmin,Ragni,Shahad,Züleyha,Dicle,Sebiha,Gedske,Leticia,Varna,Nazife,Solgerd,Jocelyn,Ümmü,Güzel,Egedie,Perle,Sebylle,Sølvig,Annemari,Yvon,Nazir,Tobine,Al,Syeda,Hedy,Vivienne,Ann-Christine,Maryanne,Ioana,Sikkerninnguaq,Magdelene,Freyja,Kulunnguaq,Azime,Knuddine,Racha,Yagmur,Dilber,Lian,Lilie
40	Trina,Kara,Tue,Ivanka,Rocio,Marcia,Zana,Ashley,Ivaana,Misha,Meena,Haldis,Suzie,Zahide,Kori,Eide,Philipa,Parnuuna,Ming,Meike,Willi,Soo,Rannva,Anetta,Signy,Man,Nastasia,Fang,Nele,Delphine,Annelisa,Rong,Bertholine,Dalila,Pirkko,Krestence,Charline,Nukaaka,Hiam,Sigbrit,Bonna,Tannie,Lo,Rine,Jullie,Cajsa,Gundborg,Zena,Dorotea,Ieva,Malia,Unavngiven,Donia,Jorna,Laure,Majid,Anastazia,Carolyn,Mariola,Rahim,Cellina,Kubra,Syster,Bridget,Toril,Ibtisam
39	Nikola,Yin,Kirsten-Marie,Ninet,Luka,Inka,Kresta,Imane,Zsuzsanna,Zarife,Chastine,Maltha,Kitta,Misbah,Helfrida,Verica,Micka,Cesilie,Nurhan,Hilary,Anne-Mie,Catrin,Hedi,Jie,Ghulam,Rabija,Perveen,Habib,U,Torunn,Shahin,Jacobina,Y,Annabeth,Ayaan,Søsser,Sobia,Viviann,Maliha,Jamie,Birde,Benitta,Eri,Gigi,Annasofie,Imran,Signhild,Naheed,Illa,Natalya,Ivonne,Akisooq,Julianne,Heddy
38	Mirian,Arina,Gudrid,Nadire,Nese,Inge-Merethe,Omega,Fawzia,Tugce,Ramla,Gullan,Viktorija,Elmi,Yuan,Kanna,Deniz,Melahat,Erny,Sherin,Sigriður,Vendela,Lane,Edelborg,Sevil,Maritha,Pelin,Hanne-Grethe,Michaeline,Othilda,Guntha,Frederika,Cennet,Raili,Sadika,Lu,Maire,Ginette,Botille,Gyta,Eleni,Anne-Charlotte,Kata,Bettine,Viviane,Schanne,Majda,Fatmeh,Huma,Saga,Céline,Juditha,Bothilda,Solvei,Fikreta,Ketura,Jenssine,Elfi,Venke,Natalja,Hermanda,Ziska
37	Alita,Devi,Amie,Hakima,Astri,Lul,Anet,Vinifred,Tukummeq,Filuca,Mandy,Sanije,Clea,Eni,Chun,Majida,Emy,Genia,Helia,Marny,Eydna,Hørdis,Rojin,Theresie,Charlene,Silvija,Yonna,Klare,Delal,Meretha,Marne,Evelin,Jetta,Klausine,Habibe,Ruzica,Christy,Øzlem,Safija,Sali,Adrienne,Ny,Lindy,Genevieve,Samra,Danna,Dorthee,Kristi,Luca,Nariman,Meri,Iza,Othelie,Tiina,Solrun,Busra,Wioletta,Davida,Fabiola,Bitte,Doaa,Paulette,Zlata,Fouzia,Birke,Sharifa,Zelma,Catrina,Mogensine,Pranee,Ragnhilde
36	Vivia,Herla,Natazja,Elmira,Torborg,Shaista,Tabethe,Kimmernaq,Annmarie,Semira,Rashida,Francine,Zineta,Shagufta,Ilayda,Døne,Lyudmyla,Lynette,Bennedikte,á,Silan,Janusine,Annia,Maritza,Elvan,Kinnie,Kistaraq,Shania,Evin,Ann-Merete,Hermina,Haralda,Cathe,Hafida,Jesine,Bianka,Carli,Sadeta,Mong,Oddny,Tricia,Aysha,Kiran,Minka,Marte,Izeta,Isse,Pirjo,Alev,Khadije,Ran,Mari-Anne,Anahita,Amber,Anete,Jørdis,Solborg,Junia,Otteline,Berthea,Lucinda
35	Geertruida,Ingerline,Torhild,Afaf,Nevenka,Benja,Müzeyyen,Sesilie,Gia,Inas,Cordula,Raymonde,Konnie,Samara,Tereza,Wiwi,Agga,Metthea,Friede,Hanifa,Dorris,Ide,Duaa,Nahla,Mariya,Kerry,Elona,Hetty,Eet,Assia,Tahereh,Willie,Kora,Yalda,Beda,Safina,Marrit,Lucille,Maggy,Louiza,Sesse,Zenab,Zelina,Ågot,Mellanie,Michalina,Musa,Warda,Felina,Zuhra,Sickan,Nagham,Denisa,Jian,Emelia,Nursel,Khanh,Theodore,Nena,Giulia,Zola,Juna,Marissa,Metea,Casandra
34	Blanka,Calina,Nasro,Vy,Kristiana,Bengtha,Annegret,Afsaneh,Yüksel,Sahro,Quyen,Kawthar,Thomassine,Maarit,Allice,Amena,Anne-Mari,Daniele,Allison,Ferida,Gertraud,Fransisca,Henryette,Rosalinda,Caya,Norah,Elvy,Ginnie,Margreth,Mariella,Otla,Tan,Sølvia,Lotta,Karita,Wen,Geske,Leone,Ariana,Annelouise,Ritza,Antoni,Arlette,Erin,Done,Puck,Aurelie,Karen-Louise,Margherita,Mevlüde,Dahlia,Agny,Kunak,Alic,Fabienne,Homa,Lucina,Arshad,Sanaz,Najanguaq,Mihriban,Vesta,Diep,Evangeline,Phung,Ozlem,Ingvild,Yasin
33	Slobodanka,Lillien,Dzemila,Madiha,Ann-Kirstine,Nelle,Bryndis,Hrafnhildur,Anemette,Concepcion,Nimco,Effie,Sasia,Uma,Andriette,Ayesha,Leontine,Ingerlis,Intisar,Helge,Katri,Bedriye,Ludvig,Adna,Avgusta,Ibtissam,Mandana,Eny,Holly,Aileen,Franka,Reta,Lyna,Hüsne,Nadiya,Suzy,Schannie,Zohreh,Fadi,Mo,Jóna,Marence,Borgny,Traute,Gyrith,Nezahat,Annabel,Désirée,Jinnie,Farhiyo,Vian,Farhan,Pakize,Ellemine,Seija,Angla,Johansigne,In,Kobra,Marlis,Vahida,Yong,Naemi,Atsa,Myra,Pari,Gundine,Tammie,Valdborg,Qian,Tutta,Honey,Kai
32	Khadijeh,Widad,Karen-Lisbeth,Timian,Rowena,Nazmiye,Anniqa,Rajaa,Caitlin,Sabri,Hanne-Mette,Jeanni,Samsam,Sibora,Maliina,Misse,Arnela,Margueritta,Song,Sophie-Amalie,Safeta,Sidra,Beritt,Althea,Pilu,Ibeth,Ermina,Soledad,Lauren,Milda,Riitta,Lieu,Chr,Özge,Gyrite,Anne-Birte,Xia,Jadranka,Oluva,Amer,Snefrid,Alessandra,Crista,Damla,Charly,Joye,Jolanda,Parisa,Franciszka,Karny,Cathleen,Fadma,Ava,Edil,Miroslava,Rannveig,Semiha,Celie,Agne,Ilone,Mette-Louise,Almine,Fe,Vinny,Vivie,Leen,Simigaq,Mirvat,Anam,Rem,thóra,Yousra,Gøta,Shamso,Werna,Lam,Kiraz,Leanne
31	Friderikke,Ismahan,Esin,Nielssine,Ingermarie,Gretel,Maribel,Sama,Angeline,Daiva,Annagrete,Kiirsten,Roxana,Amran,Rosannguaq,Jørli,Edvarda,Bouchra,Eden,Micheline,Joel,Evelyne,Tasneem,Liesbeth,Nazanin,Amaal,Maannguaq,Marjanna,Silpa,Guadalupe,Rasema,Miyase,Yassin,Chiara,Jinan,Nasima,Solfrid,Micaela,Krestense,Gaby,Anthonette,Fatmire,Yael,Solvad,Myriam,Hawra,Lütfiye,Heli,Ottelie,Teena,Jokiba,Birgethe,Darin,Bayan,Taghrid,Kath,Bano,Gilda,Io,Amélie,Viktoriya,Pethrine,Brigida,Arnhild,Genoveva,Saadet,Aili,Ditte-Maria,Metteline,Nukaraq,Florida,Bärbel,Thove,Claude,Betti,Marieke,Heidrun,Darly,Majlis,Nielsmine,Annemone,Bernice,Yee,Erne,Rizwana,Leis,Belha,Anneth,Bothilla,Berte,Marzieh,Sannah,Azhar,Alica,Millie,Elie,Najia
30	Nadejda,George,Inis,Zindy,Birsen,Ann-Sofi,Selvi,Sunita,Hanane,Jonina,Iqbal,Saja,Maluna,Stence,Virginie,Hajra,Hadeel,Annizette,Luciana,Lucja,Madelaine,Berete,Diddi,Aldona,Jeannine,Rya,Louice,Didem,Sunrid,Mirella,Sevval,Tatyana,Aune,Najiba,Rudy,Kammilla,Tuyen,Evita,Abdulle,Ruza,Oxana,Münevver,Lula,Eia,Gulborg,Milanka,Gudbjørg,Sang,Freda,Jonne,Ipek,Eylem,Anela,Petroline,Hina,Angel,Luul,Yaren,Nikole,Madelene,Azadeh,Imelda,Marete,Catarine,Mone,Zinaida,Marlies,Hinda,Kalsoom,Muoi,Violette,Hela,Myrtle,Inga-Lill,Mariama,Billie,Gülsah,Marente,Ilka,Nosheen,Nesibe,Elline,Aimée,Agth,Vendla,Angele,Walaa,Nisrin,Wita,Sevdije,Jensa,Blerta,Avin,Anne-Kirsten,Kamla,Erlinda,Tamana,Heidemarie,Azam,Dao,Marjan,Aster,Viveka,Lotti
29	Minela,Anne-Jette,Doan,Elen,Chrestina,Sunny,Mette-Lise,Roselil,Ban,Märta,Glenda,Vinca,Alexander,Basma,Buket,Hille,Viben,Annick,Athene,Tasha,Wissam,Cornelie,Rebekke,Desire,Iverine,Tabitta,Jesta,Armina,Lerke,Sukanya,Jael,Santa,Marike,Iva,Bita,Dorothee,Radia,Cathinca,Than,Sóley,Lenka,Mejra,Kalina,Pedersine,Anna-Kathrine,Annedorte,Lica,Asya,Cathy,Sevilay,Nona,Chanie,Telse,Witta,Lidi,Marense,Elvedina,Disa,Asbjørg,Manuella,Hasiba,Birgül,Ah,Vivianne,Mikoline,Sidney,Maika,Anda,Hasret,Lyra,Kamella,Choi,Mojgan,Carl,Litzi,Nisha,Ragnheidur,Munir,Fauzia,Karen-Margrete,Franca,Moni,Esperanza,Desiré,Joana,Ifeta,Kimberley,Kirse,Vivan,Chan,Apolonia
28	Sofija,Parnuna,Pippi,Marly,Brynja,Annetta,Paneraq,Nahida,Angelia,Elinborg,Susannah,Axella,Ziba,Vibecke,Rida,Vijitha,Panerak,Matthea,Felicitas,Ihsan,Leman,Aliya,Evenly,Juanitta,Thorunn,Soffie,Samanta,Jessika,Erikgine,Myrtha,Johny,Catia,Tilla,Isakke,Dong,Berry,Anella,Aija,Ulrica,Milagros,Lindsay,Ora,Arnaraq,Sadat,Renathe,Najwa,Shakira,Shaimaa,Barbra,Jonhild,Mitta,Ingun,Anitse,Iska,Xiu,Bader,Neelam,Gülbahar,Khawla,Zuhal,Luja,Lorette,Ingerd,Amel,Birthine,Ewelina,Joumana,Tille,Margon,Larysa,Anthoinette,Najla,Narin,Angeles,Otilde,Cristel,Gwen,Nuur,Erhardine,Nettie,Qing,Ülkü,Arnarissoq,Marielle,Dima,Nene,Tecla,Jakobi,Saeeda,Gull-Britt,Annlise,Tahani,Otthilie,Betine,Edeltraud,Drita
27	Siska,Melda,Farahnaz,Juditte,Michaline,Karitha,Ann-Lisbeth,Nive,Enya,Kamile,Sule,Edona,Deqa,Naziha,Jeaneth,Lecia,Wan,Toma,Telma,Zelia,Jihan,Olaug,Kæth,Avijaja,Pedrea,Si,Corna,Liese,Alfrieda,Athalia,Birrit,Gun-Britt,Bergit,Rhoda,Rabiye,Heinke,Kolbrun,Wahida,Erasmine,Sirid,Viviana,Lama,Ásta,Ajaaja,Deanna,Ziggie,Snjezana,Regitza,Ajo,Sadie,Amneh,Karne,Kett,Najattaannguaq,Leigh,Fathi,Ida-Maria,Saeed,Qi,Karenlise,Esmat,Daimi,Michéle,Annemi,Merrit,Olivera,Warla,Tut,Ahn,Ann-Grethe,Anissa,Chana,Dzenana,Azemina,Bisera,Lizanne,Liddi,Titte,Taja,Ele,Vanilla,dos,Antonella,Batol,Dionna,Tessie,Nonni,Marijke,Su,Marethe,Mai-Brith,Nazan,Adriane,Lenore,Dennie,Nadira,Aminah,Vildana,Kristianna,Rosmarie,Bojana,Nuria,Gurri,Minette,Chelsea,Faranak,Yuki,Mansour,Liw,Delin
26	Mulki,Nella,Talitha,Emma-Sofie,Nilia,Sadet,Tiffanie,Vlora,Christelle,Christi,Inge-Vibeke,Vilia,Centa,Wanja,Afshan,Arta,Christl,Camelia,Polina,Hrefna,Anthonethe,Ruta,Yoko,Raj,Ragnhildur,Heddi,Ildiko,Dinne,Carolin,Gurly,Sabira,Karmen,Birita,Lisie,Nanja,Aisa,Liann,Annamette,Drusilla,Barbel,Suong,Zeina,Selcan,Ywonne,Ilda,Aniella,Pam,Filine,Engla,Lavinia,Karli,Samer,Batul,Ane-Louise,Fikriye,Ikran,Mimount,Rozerin,Anna-Katrine,Bergine,Ladan,Zuzanna,Boel,Fitore,Meline,Nahome,Joann,Rosie,Arnavaraq,Torbjørg,Mia-Maja,Remzije,Tracey,Majka,Gerta,Nesrine,Gydda,Xue,Nafiye,Rui,Soha,Jamile,Ludwika,Fritza,Fata,Nelie,Taina,Lizzette,Natallia,Charlie,Shan,Riaz,May-Brit,Sarita,Ann-Maria,Gunne,Sayed,Aasta,Afrah,Dua,Even,Ceyda,Robin,Terne,Mini,Wladislawa,Asra,Kissy,Zophie,Lára,Súsanna,Gabi,Gay,Gizella,Anne-Lisa,Mehri,Madicken,Mursal,Eble,Jenan,Ghazal,Simin,Vina,Hajer
25	Najmo,Zhen,Güldane,Sieglinde,Aygül,Jeane,Risa,Ioulia,Helda,Shima,Soffia,Sedigheh,Menekse,Hediye,Solweig,Gladis,Neta,Armgard,Stasia,Jensia,Esmaralda,Lenni,Seema,Kiymet,Tene,Eufemia,Lois,Gjørrild,Inuk,Mahtab,Nya,Luth,Hoai,Nilofar,Estera,Cira,Zdenka,Anna-Karin,Anouk,Ann-Kristine,Aysenur,Dinh,Janis,Adil,Kaneez,Oddbjørg,Rada,Yasamin,Tami,Boguslawa,Ausra,Anna-Elisabeth,Stense,Zekiye,Nazik,Irja,Simon,Belgin,Nonny,Hera,Damaris,Ilsebeth,Thuri,Nazifa,Xandra,Vica,Ann-Margrethe,Teuta,Gerlinde,Maalia,Carine,Monja,Margoth,Loulou,Fatimah,Haifa,Egidie,Paloma,Imtiaz,Paul,Marthina,Harpa,Lolly,Bonny,Loretta,Rhea,Poulin,Hannelise,Paule,Ingalill,Annabelle,Zofja,Gunvør,Lale,Reda,Aferdita,Glory,Marvel,Qamar,Dorrith,Ganna,Almedina,Arlinda,Odine,Nebahat,Bonni,Mica,Houria,Yesim,Amino,Wilhelma
24	Nuno,Mimoza,Binh,Cecylia,Via,Kateryna,Era,Ejla,Sydney,Nivin,Shiela,Keiko,Helfrid,Mea,Chaima,Gunnvør,Saleha,Estela,Steffine,Shireen,Isha,Handan,Thina,Josette,Asdis,Fride,Edelweis,Parvaneh,Rósa,Cilje,Katchen,Nabiha,Anusha,Öznur,Lianna,Harryet,Sau,Misja,Soley,Alfriede,Thomasia,Naim,Babara,Inge-Mette,Be,Litte,Graciela,Lady,Zaza,Carle,Sisi,Dzenita,Bukurije,Saman,Kjersten,Chaja,Lilith,Ellie,Mahin,Nikki,Jeppeline,Ólöf,Sughra,Rannvá,Sanda,Chresta,Julieta,Zohal,Lima,Nielly,Sevinc,Tolva,Mian,Hasnija,Mieke,Usha,Chenet,Anne-Britt,Feyza,Liselott,Sabrije,Aninna,Doha,Tijana,Gudlaug,Claudiane,Astha,Cabrina,Aseel,Ytta,Aksa,Pusle,Bengte,Micella,Herman,Shadi,Taimi,Leonarda,Ranveig,Inge-Birthe,Anne-Birgit,Lis-Lotte,Ami,Johnnie,Kalinka,Colleen,Mevlida,Anca,Feng,Bessy,Tinie,Ann-Carina,Pilunguaq,Ranja
23	Sylvi,Aslihan,Mahsa,Magne,Ritt,Zoya,Tamar,Gyrid,Scarlett,Pani,Vanesa,Penny,Sussy,Ann-Beth,Hadia,Fannie,Kishwar,Mulle,Laurie,Valgerdur,Mareta,Gudmunda,Ann-Grete,Polunika,Bonita,André,Ayda,Ese,Suzann,Cherry,Aldijana,Ximena,Senka,Karen-Inger,Samanda,Liis,Atangana,Esraa,Leonor,Shanne,Etel,Svenja,Razan,Arnolda,Tage,Hafiza,Ileana,Karitas,Zaneta,Ann-Brit,Hagar,Fei,Audur,Othea,Ingjerd,Laurina,Bodel,Anna-Kirstine,Ilia,Arijana,Georg,Draga,Narmin,Solva,Tirza,Kuluk,Hannan,Amly,Deirdre,Eldina,Kezban,Nagina,Semsa,Kawsar,Zohre,Farhia,Zubaida,Siriporn,Mehr,Emillie,Leane,Aloisia,Kaija,Valdis,Corazon,Georgeta,Mariem,Seham,Sedef,Fereshteh,Anse,Karen-Lis,Mirah,Gülizar,Vjollca,Hameed,Zaklina,Magnea,Tilda,Akiko,Sirpa,Naile,Celestine,Marilou,Maila,Abena,Djamila,Heda,Beverley,Liset,Julijana,Edelgard,Mersiha,Khurshid,Riham,Marinella,Humaira,Nelia,Zorka,Estha
22	Ane-Kathrine,India,Nickoline,Marie-Therese,Graziella,Emile,Bilge,Kifah,Emor,Samiha,Ronak,Elice,Bennie,Dunya,Dian,Ching,Hilja,Rosalind,Venla,Malik,Eija,Amry,Anna-Greta,Hilkka,Diba,Zora,Yulia,Edela,Gunnva,Magdolna,Franzisca,Willemina,Jovana,Jannika,Parwin,Milrid,Bahrija,Lee-Ann,Noëlle,Sarine,Nigar,Aldina,Chilli,Zofie,Elisabetta,Felicja,Karma,Donya,Isis,Jekaterina,Fakhri,Luzie,Joelle,Jørine,Egzona,Annaliese,Egle,Sunna,Glenna,Dena,Solmaz,Gönül,Gy,Nidal,Adine,Eyd,Shama,Micala,Hevin,Sakineh,Anida,Havin,Inaam,Ann-Birgitte,Meiken,Samija,Sie,Rasoul,Sohaila,Vilde,Hanssine,Jakobina,Jeanita,Ni,Kuna,Bertina,Cilja,Cheryl,Komal,Ragnheiður,Admira,Angelie,Kette,Ksenia,Haidi,Giesela,Mavis,Inge-Grethe,Melania,Anne-Berit,Antonethe,Aliye,Nilgün,Vivika,Nu,Philomena,Priya,Isma,Anna-Lena,Duong,Lakshmi,Hildegart,Zida,Ewy,Signe-Marie,Yao,Tasia,Shanti,Sessa,Andria
21	Firdevs,Alexa,Kavitha,Arja,Alberthine,Jurate,Negin,Anne-Cecilie,Sofi,Andi,Kesia,Undine,Lizeth,Sabaheta,Negar,Kanokwan,Radojka,Johana,Shahrzad,Azar,Seyedeh,Adalet,René,Paornanguak,Ara,Donika,Janneke,Shilan,Mebel,Lorentse,Jara,Mileva,Shatha,Sindet,Døndü,Sam,Enas,Lindita,Ane-Grethe,Elizabeta,Wanna,Hrönn,Kaltrina,Neema,Jazmin,Bi,Aise,Shu,Salad,Rebeca,Viga,Nadifo,Lava,Nila,Kenny,Anne-Beth,Nejra,Katya,Ane-Katrine,Romina,Villia,Urd,Lizett,Edeltraut,Mervat,Ursel,Arefe,Aleksia,Mirka,Erina,Jeppe,Kaethe,Zamzam,Minella,Francois,Abisa,Vala,los,Fadwa,Osvalda,Ginna,Zenna,í,Nadya,Wilja,Ajsa,Ivinnguaq,Rhina,Ameli,Olly,Rahab,Seynab,Shugri,Renuka,Kaye,Ingine,Ingse,Gorica,Vilborg,Banu,Edi,Ece,Dikte,Leia,Lauri,Mali,Ray,Jepbine,Aaltje,Jo-Ann,Milana,Petricia,Augustina,Preben,Ange,Gertruda,Luljeta,Thecla,Ho,Aqsa,Halldora,Corrie,Sofiaraq,Nam,Ajshe,Edisa,Olha,Asiya,Marvine,Viva,Joa,Gwendoline,Asja,Hanne-Grete,Behija,Bellis,Dóra,Dajana,Hrund,Walli,Ferial,Algot,Solange,Dore,San,Ine,Glenni,Mensura,Angerlannguaq,Chalina,Gonül,Zenaida,Fridbjørg,Zitha,Makka
20	Diderikke,Chaline,Pavla,Suha,Ehm,Marjanne,Sebine,Somporn,Nouha,Elvida,Sümeyra,Celena,Emilija,Aleqa,Robyn,Iona,Joe,Githe,Nurdan,Annemaria,Chung,Birgitthe,Nazira,Birit,Raza,Syvine,Zeynab,Raisa,Nergiz,Thorbjørg,Ane-Margrethe,Xi,Mumtaz,Melihat,Moa,Anegrethe,Solveg,Emi,Kjerstin,Saranda,Ø,Serafina,Belle,Git,Winna,Sidrah,Annethe,Emsy,Elmedina,Ghadir,Marlin,Talat,Janika,Dominica,Ziad,Beyhan,Venus,Azize,Mala,Zilla,Raija,Christell,Mahnoor,Ankica,Ezzat,Melene,Charla,Inge-Britt,Gülden,Hellan,Ilhan,Krestiane,Zeyneb,Indiane,Mynte,Zanny,Talal,Nakita,Petree,Lilo,Dahabo,Phillippa,Zijada,Josine,Karetas,Bronislava,Amporn,Sameena,Katcha,Danka,Mikaline,Margarida,Maryna,Gull,Kirja,Ameneh,Saleem,Margurite,Lyubov,Anniezette,Jamileh,Kine,Ebon,Tofa,Juno,Aneraq,Netta,Zhu,Priyanka,Liridona,Luzia,Shi,Tammy,Milada,Tona,Ruddie,Phuc,Malini,Edeline,Olla,Krisztina,Monalise,Merci,Klitta,Nadina,Vu,Margriet,Consuelo,Sumeya,Rutha,Heloise,Rahel,Vagna,Anais,Sørense,Magga,Nazar,Arlene,Klaudie,Mikie,Pennie,Anna-Lene,Rebeka,Nicoleta,Mettemarie,Gyrit,Iwy,Vinna,Sevala,Mette-Line,Zuzana,Salka,Yara,Giuseppina,Birthe-Marie
19	Evie,Sigyn,Gesa,Licy,Semsi,Darja,Clemence,Veni,Tahmina,Fanni,Katica,Methilde,Akosua,Almas,Nuha,Jannicke,Zarmina,Naza,Elba,Nukarak,Jumana,Kilian,Lony,Dagmara,Cho,Shadia,Doina,Morsal,Ning,Kea,Gang,Viveke,Evrim,Yngva,Nalini,Liat,Rosa-Marie,Yda,Nela,Katla,Soad,Lalitha,Josta,Nursen,Tai,Nikka,Atifa,Hulya,Roghieh,Adie,Selena,Trineke,Sevilla,Manijeh,Anne-Lone,Ragny,Hansinaraq,Bára,Enni,Frøydis,Adiba,Rihab,Wasan,Eivy,Winny,Aviâja,Fu,Wasana,Cicek,Ket,Sabahat,Dinnie,Valda,Zilan,Nerma,Truong,Nasiha,Elda,Elitta,Constanze,Perla,Dusica,Czeslawa,Bentia,Stephani,Nurije,Manumina,Hata,Elith,Nanci,Shahid,Anesa,Ammar,Guðbjörg,Lynda,Husna,Nilla,Nahed,Nisveta,Liesel,Marsha,Alexandrina,Betricia,Sadije,Rumeysa,Rakul,Thai,Yue,Gunhil,Zinat,Dorina,Malee,Nastasja,Djørna,Charita,Tineke,Mukaddes,Qitura,Shams,Naime,Jelica,Alissa,Ota,Andreea,Melitha,Ülker,Cuc,Najanguak,Miki,Gylna,Awa,Kanchana,Miski,Ninka,Valeska,Ciara,Elvisa,Hanne-Lis,Cindi,Nasteho,Anne-Maj,Birgita,Que,Ingrida,Elouise,Nittaya,Tarja,Rabiya,Valida,Cathie,Maigen,Neija,Ane-Johanne,Kianna,Arense,Jahan,Anethe,Dona,Inger-Grethe,Bendi,Boshra,Torild,Munevera,Shqipe,Cagla,Hekla,Sehriban,Mehwish,Somjit,Nurhayat,Amma,Mussarat,Sigríður,Andy,Wanphen
18	Yasar,Birla,Gudrún,Gisella,Akua,Rodica,Tonia,Rama,Gotha,Zannie,Karenmarie,Halida,Aviana,Suhad,Sommai,Sladana,Dale,Marites,Sura,Danny,Ladda,Elwine,Tana,Allen,Hend,Lischen,Marie-Anne,Zinab,Chia,Vasvija,Citta,Ksenija,Samiya,Karelie,Fida,Guðný,Isobel,Media,Charlot,Neha,Alitha,Kuka,Andora,Zine,Almuth,Maja-Lisa,Deeqa,Fatin,Asla,Shereen,Marri,Naija,Ayman,Sindy,Boi,Burcin,Betta,Titina,Dosine,Marlit,Kirsi,Cacilie,Sada,Veda,Suvada,Marlen,Minea,Aiko,Lorin,Naimi,Dounia,Sebrine,Akitsinnguaq,Awatef,Duha,Long,Violante,Angie,Satu,Buse,Ata,Kinna,Rifat,Marzia,Íris,Bennet,Juli,Sumalee,Magde,Gisele,Malai,Myrthle,Kathie,Siobhan,Laika,Litzy,Melany,Odile,Aiza,Lani,Najattaaq,Natalina,Davine,Seyhan,Morgan,Ulunnguaq,Haydee,Vaida,Tilia,Gutte,Honorata,Hiyam,Nguyen,Nidhal,Tatsiana,Angiuk,Alborg,Shohreh,Hafdis,Charles,Tran,Rikka,Malfred,Khatera,Nikolette,Tiana,Joline,Carmela,Malka,Salomea,Lulle,Ellynor,Sezen,Vilda,Saiqa,Esen,Loi,Kitten,Paarnaq,Mayada,Ivona,Günes,Nukanguaq,Aye,Azita,Brigit,Helvi,Josiane,August,Becky,Chloé,Sanae,Bettie,Karen-Vibeke,Jethe,Axel,Narjes,Karen-Inge,Hamda,Kadira,Yana,Kristjane,Ümran,Th,Sermin,Sameera,Almina,Selene,Adila,Montserrat,Netti,Debra,Orawan,Eya,Hasibe,Arvid,Dafina,Naimo,Zineb,Pilunguak,Blessing
17	Licie,Shpresa,Bin,Naba,Soli,Matea,Kamuran,Shayma,Taj,Habibo,Somaya,Sunee,Anna-Elise,Evert,Soumaya,Nathia,Esengül,Halldóra,Luba,Agnesa,Dara,Nore,Yussuf,Nazmije,Sidika,Mikkelline,Saher,Channette,Madalena,Kani,Renie,Fatoumata,Tua,Ruddi,Seyda,Elsea,Gulshan,Pooja,Jutha,Amilia,Esmi,Ona,Osa,Laiba,Laufey,Rehab,Behnaz,Nima,Annete,Begum,Shaymaa,Resi,Carmelita,Marisol,Zhi,Anne-Margrete,Taia,Margie,Hamna,Jantje,Hinna,Fredericke,Stéphanie,Sumaira,Gittel,Emiline,Myrthel,Jehona,Austa,Tao,Patience,Raghad,Mounira,Abisai,Malalai,Elvin,Arnartaq,Juta,Sala,Christian,Melis,Denja,Laina,Helmy,Blerina,Cécile,Biddy,Maysaa,Ane-Dorthe,Kimete,Ninel,Sjanne,Concetta,Thang,Turkan,Tillie,Paornanguaq,Sola,Jütte,Niki,Annastasia,Rúna,Sheela,Shirly,Jesmine,Kardi,Chin,Lelia,Zeljka,Meggie,Giti,Manda,Maude,Neringa,Missy,Renèe,Tulla,Kuuna,Afnan,Selvije,Badria,Farid,Giang,Ranva,Inci,Maide,Marie-Claire,Mettelene,Anne-Lie,Ranka,Hümeyra,Meera,Aishah,Anila,Vildan,Kith,Andersigne,Janan,Ottilde,Suaad,Arjeta,Inese,Arnarulunguaq,Sui,Anne-Karin,Hafize,Zeenat,Anis,Phi,Fetije,Margrith,Hildborg,Brunhild,Thuc,Alvi,Kassia,Clarisse,Enona,Fry,Majeda,Kiwa,Anisette,Fikrije,Vilhelm,Ása,Seria,Maimuna,Guda,Marja-Liisa,Sonna,Magnella,Muniba,Ernestina,Rebekah,Inga-Britt,Rinna,Bediha,Songul,Betul,Tanveer,Titi,Auður,Britt-Mari,Clotilde,Gülser,Chanice,Juanna,Rohini,Maram,Lisselotte,Zaina,Aaqa,Yadigar,Anna-Liisa,Zetty,Hao,Fakhra,Sonnie,Razieh,Sardar
16	Menna,Clary,Malfrid,Lissette,Shamsa,Ann-Kristina,Oddrun,Maysa,Anastasiya,Tukumeq,Gudde,Seksta,Emma-Louise,Fjóla,Chinh,Rekha,Waldtraut,Sunisa,Wing,Kesorn,Tulay,Julietta,Lala,Janita,Kittie,Stenia,Stacey,Atefeh,Nanke,Fatna,Gözde,Airi,Lulla,Waraporn,Celinda,Keta,Herminia,Selver,Alime,Sonay,Evgenia,Jamina,Slavka,Gunnhild,Süheyla,Beverly,Karen-Grethe,Ilma,Asmahan,Ümmühan,Anne-Julie,Gonca,Karianne,Rachelle,Merna,Kudret,Nalan,Rattana,Anne-Bente,Ümmügülsüm,Ye,Zivka,Hamsa,Asraa,Caecilie,Florina,Cansel,Terry,Normi,Venessa,Ottemine,Zoulikha,Tanita,Haleema,Loubna,Julian,Yolande,Nichola,Fung,Wisam,Emmalie,Caren,Ratree,Mürüvvet,Herlich,Jela,Mukhtar,Mozhgan,Imaan,Johnni,Kati,Femke,Saraswathy,Johanne-Marie,Kickan,Owa,Mensure,Nicka,Bahareh,Irmgart,Shukria,Tülin,Palina,Reina,Mary-Anne,Ing-Britt,Svala,Harm,Beta,Safira,Aviaya,Sólveig,Loreta,Elizabet,Kathi,Dervisa,Marieanne,Pervin,Willia,Niina,Sida,Mille-Marie,Miamaja,Kadra,Arny,Henne,Leda,Gülistan,Aviak,Maaliannguaq,Lonna,Curtis,Sanam,Dorin,Glen,Faadumo,Arnaruluk,Zagorka,Thuong,Lisann,Rasima,Lempi,Rosana,Palwasha,Judie,Zoé,Annebet,Hibaq,Haneen,Junko,Nenna,Maham,Sümeyya,Nezaket,Günay,Kerttu,Cebrina,Noha,Banin,Ann-Kathrin,Almaz,Yurdagül,Rahmo,Jolene,Voldborg,Raluca,Mailis,Nafiso,Zusanne,Ansa,Soma,Shelly,Aliza,Allette,Sirad,Nusreta,Iselin,Ajse,Inge-Dorte,En,Brankica,Antonietta,Mianne,Zozan,Fathia,Almasa,Naida,Charite,Dyma,Rosaura,Mai-Lis,Anne-Pia,Telli,Besa,Cheng,Michiko,Nany,Kolbrún,Cathja,Bjørka,Annelies,Rahsan,Filsan,Ann-Lie,Dion,Bibiana,Ibadete,Zennia,Aimi,Siddika,Navruz,Cecil,Bodild,Chang,Marja-Leena,Noi,Wadad,Bit,Adelisa,Siiri,Hira,Aiman,Hjördis
15	Nihada,Vivica,Johannah,Jannat,Erly,Adwoa,Lislotte,Kadija,Jarmila,Lith,Berrin,Liljana,Marinka,Raba,Janeth,Ann-Katrin,Karmine,Caritas,Karen-Elisabeth,Mallika,Tasleem,Ajah,Haddy,Mayumi,Ljudmila,Besarta,Bartha,Robert,Hannchen,Ingebeth,Lirije,Ardita,Uno,Gethe,Gunva,Een,Roseline,Amilla,Angerla,Milli,Hans,Else-Merete,Suraya,Seren,Marie-Christine,Gerva,Larsmine,Shamin,Elza,Alika,Shanthi,Sigbritt,Rika,Lise-Lott,Jeanelle,Gulda,Cianne,Jozefina,Diona,Lucette,Serifa,Hasina,Laetitia,Ewelyn,Nanda,Eloise,Eydbjørg,Valbona,Zanna,Gudridur,Evguenia,Zira,Emmanuelle,Cara,Neziha,Nasira,Lindi,Supaporn,Ingred,Elsabet,Arezo,Zenobia,Darlene,Mariyam,Chamilla,Gesche,Alide,Pola,Simran,Jagoda,Kowsar,Hanne-Louise,Liba,Jackline,Monalisa,Leoni,Mariela,Mercan,Anikka,Torun,Ilmi,Tommy,Shanice,Bostan,Birdie,Zumra,Behiye,Anna-Rosa,Chitra,Sigurlaug,Khadijah,Rahila,Linet,Janke,Sara-Sofie,Lendis,Lilianna,Ida-Sofie,Bircan,Saziye,Sigurbjørg,Hanne-Lore,Anne-Lotte,Mascha,Ikhlas,Can,Asly,Katrín,Dory,Dafne,Abrar,Minire,Moska,Arabella,Robertha,Didda,Kasia,Sri,Tabassum,Sousan,Insaf,Maisa,Souzan,Kawther,Laima,Kornilie,Chandra,Samera,Rota,Fatmah,Titta,Shah,Ilene,Francy,Süreyya,Nathasia,thórunn,Hanne-Vibeke,Anlise,Anje,Inés,Nenita,Mieczyslawa,Gerde,Hansy,Sajeda,Stana,Agusta,Pembe,Suphaporn,Selinay,Hiroko,Tudlik,Safije,Mikkala,Marielouise,Anong,Suk,Nadija,Julita,Fr,Deanne,Zophia,Moira,Nico,Mirlinda,Fatemah,Henrike,Zarifa,Rafael,Ketzia,Ann-Pia,Anchalee,Trijntje,Berenice,Ethla,Kasim,Talita,Hansi,Anne-Karina,Liselot,Tin,Neeltje,Pranom,Souheir,Maira,Hamideh,Soghra,Meeri,Athina,Nielssigne,Åshild,Asgerd,Margitt,Elissa,Simge,Bosiljka,Wallis,Matina,Kanjana,Talia,Vikie,Sara-Louise,Lene-Marie,Shanaz,Rea,Alona,Lizy,Kainat,Emmie,Ingri,Nazha,Emmaline,Efryd,Ane-Kirstine,Bettinna,Agnette,Sujatha,Arwa,Shamaila,Sevcan,Nitaya,Volha,Anife,Sepideh,Tansu,Ottea,Iluuna,Kirsta,Ismat,Rafaela,Sian
14	Taiba,Ilja,Dzemile,Kenza,Kathia,Saara,Sini,Asghar,Yuko,Marli,Anna-Dorthe,Zeba,Riffat,Idamarie,Parwana,Liudmila,Begitta,Mashal,Omaima,Luminita,Kirit,Rozita,Basima,Masako,Yuka,Mana,Bærbel,Stojanka,Akita,Selime,Cisse,Tanna,Senna,Maro,Ilkay,Guro,Sacdiyo,Brina,Edanur,Desanka,Lolo,Nicla,Ungaaq,Anfal,Alexis,William,Mirjeta,Soumia,Sibylla,Intesar,Anabela,Ajda,Litza,Minoo,Muhubo,Atta,Tytte,Nirmala,Sadio,Evangelia,Aghdas,Arafa,Irshad,Guðrun,Amtul,Lamai,Ganimete,Kaltun,Amaya,Rønnaug,Maura,Nazire,King,Ikbal,Avan,Jorid,Arnajarak,Tuong,Øzge,Anu,Annegitte,Hildegunn,Arielle,Chadia,Oya,Lizetta,Somsri,Arifa,Catriona,Leja,Vidosava,Sofie-Marie,Adalheidur,Farhad,Zabina,So,Matti,Dori,Cresta,Charity,Emmily,Zazia,Bang-on,Gizela,Fritsa,Mareike,Forough,Kafiye,Kiistaaraq,Zekija,Marigona,Saada,Sopha,Kirke,Marilena,Trinke,Arezoo,Diya,Kama,Severina,Aysen,Lillen,Hodo,Adelaida,Lisel,Fjola,Nabeela,Tinka,Fatmata,Estrella,Akla,Parameswary,Nataly,Shakir,Nee,Marinela,Alinda,Stela,Villie,Asil,Toini,Sigurbjörg,Nouhad,Deepa,Aneela,Nisrine,Stanny,Minda,Svanhildur,Zemira,Inge-Grete,Raheela,Margott,Gaye,Amany,Siegfride,Narcisa,Ginie,Szilvia,Leontina,Pavlina,Maryama,Sanah,Annalisse,Sørvine,Birsel,Gerdi,Fahimeh,Huguette,Sera,Hena,Besima,Aira,Zøhre,Filipa,Annedorthe,Vinka,Senita,Aranka,Merret,Astra,Tena,Leela,Dilay,Martinna,Ehly,Allie,Aree,Shakeela,Hester,Sainab,Daliborka,Lilibeth,Xu,Lykka,Madison,Hüsniye,Amparo,Freshta,Nanzy,Vania,Lek,Ann-Jeanett,Laursine,Janja,Vicktoria,Litzia,Jaya,Darinka,Yogeswary,Marie-Sofie,Lua,Tabea,Aminata,Geeta,Thoa,Wafika,Zobia,Rukije,Priscila,Rosi,Suhaila,Betiina,Oddvør,Roula,Hafsah,Gunnhildur,Charina,Ingvor,Sahira,Ann-Cecilie,Balbina,Haya,Helfred,Vilmy,Mitzy,Tida,Didde-Marie,Loraine,Manzoor,Albulena,Melise
13	Janani,Qiu,Gentiana,Sara-Marie,Marisha,Ingibjorg,Belkis,Saffa,Jemima,Margita,Rafia,Archana,Selinda,Müserref,Kulunguak,Kyoko,Angelita,Lisetta,Darine,Guldvig,Radha,Djamilla,Ezra,Juni,Sørna,Secil,Lenie,Zoja,Nansy,Teia,Filomena,Belina,Tonya,Rajini,Liliya,Sare,Ginny,Ausa,Bahra,Nuzhat,Ruqia,Secilie,Tini,Allaa,Zheng,Hebba,Rukija,Fathima,Nastaran,Eilin,Ranya,Madssine,Andrijana,Hidajeta,Alyssa,Chao,Petruska,Sarah-Louise,Inayat,Ann-Michelle,Durdane,Gordia,Sedsel,Sobhie,The,Luzviminda,Elaina,Dita,Guni,Zebina,Binta,Abid,Inaya,Elaheh,Ligia,Jaana,Kristen,Agla,Lillith,Sinniisoq,Arbenita,Leny,Lise-Lone,Zivadinka,Winfred,Petre,Ioanna,Bjørda,Cathia,Lullu,Taletta,Molli,Aght,Tinh,José,Kanita,Benigna,Thenna,Ayako,Else-Grethe,Ty,Cao,Bozenna,Rojda,Suham,Fulya,Gunvad,Malek,Kala,Asif,Anjum,Nicol,Shamila,Katina,Sona,Sesselja,Elver,Manisha,Ansar,Azizeh,Mya,Jaroslava,Afua,Neela,Saido,Ungak,Barbette,Nülüfer,Annalene,Conchita,Sissal,Kika,Rabije,Ecaterina,Ann-Dorit,Janicke,Sozan,Aleena,Kari-Anne,Liina,Liszi,Mir,Prisca,Pelagia,Franci,Maheswary,Zejna,Iran,Dewi,Nhan,Kivi,Kristy,Rosanguaq,Zaida,Ula,Abeba,Bet,Steffenie,Kraka,Edny,Tayebeh,Farooq,Shamis,Eddie,Ayise,Anton,Reine,Vibeka,Elone,Tenny,Junnie,Asija,Sumaia,Aniqa,Karni,Tammi,Ardiana,Agni,Bryndís,Khadijo,Lilliane,Alea,Lyudmila,Maris,Ashwak,Nattalie,Josina,Muntaha,Afsheen,Selima,Niviaaluk,Inge-Lisa,Pei,Suchada,Kazuko,Ahsan,Isatou,Irini,Outi,Nayab,Qendresa,Ambreen,Alex,Amor,Poul,Ajaja,Magali,Aldis,Chilie,Sára,Takako,Cherina,Gønna,Luigia,Roxanne,Mette-Lene,Abbelone,Sevin,Thelse,Gülsün,Helina,Muno,Kethy,Arijeta,Sarwat,Hossein,Shane,Aria,Irli,Birret,Reneé,Vesile,Daggi,Caisa,Inunnguaq,Wille,Saghir,Gülümser,Asho,Signild,Run,Reena,Lizzia,Jannette,Kerri,Harly,Inger-Johanne,Sabra,Kanya,Nermana,Uraiwan,Sadiya,Alie,Frigga,Sadija,Jwan,Pegah,Anne-Merethe,Asta-Marie,Vinh,Anne-Bodil,Maja-Louise,Iveta,Ebel,Dorthe-Marie,Arona,Molise,Tulin,Olimpia,Berina,Jella,Renu,Ette,Janniche,Merja,Asuman
12	Quy,Eik,Annania,Mechthild,Zahia,Kataryna,Nanna-Louise,Friða,Waleria,Ritte,Remziye,Manjula,Solveigh,Yt,Veena,Nadra,Rikke-Louise,Shani,Lise-Marie,Gonny,Sybil,Thuan,Malo,Deanie,Nevena,Arzoo,Cheyenne,Nebile,Saroja,Chieko,Hallbjørg,Anna-Christine,Terna,Bernarda,Keshia,Ratchanee,Nazek,Lamija,Gertraude,Alta,Erneste,Óluva,Somia,Inga-Lise,Aleth,Natashja,Noushin,Azmat,Hande,Nann,Tula,Fazal,Wendie,Deka,Brigita,Noriko,Muharema,Eira,Rehni,Melly,Anna-Ida,Eiman,Kanja,Thom,Junni,Courtney,Hicran,Sachiko,Rajan,Sarra,Sinead,Elsebe,Siliane,Elwira,Oona,Nooria,Ennike,Mersija,Michaëla,Dede,Asifa,Faustina,Rajeswary,Ingry,Kirstie,Gill,Kie,Dirkje,Thia,Rachael,Sumayo,Teslime,Nawaal,Michalla,Ann-Jeanette,Somjai,Reiko,Rajani,Enge,Inge-Bente,Nilay,Karen-Mette,Klaudija,Rezgar,Anastazja,Adrianna,Qin,Annam,Elnaz,Usa,Fazilet,Ann-Cathrin,Momina,Maaike,Viorica,Nannie,Emrije,Payman,Mariko,Marjo,Ann-Dorrit,Kannika,Kaaka,Luana,Shehla,Hebah,Simonne,Sakine,Nisreen,Neja,Helli,Sucdi,Rümeysa,Asløg,Ibtihal,Barny,Kiva,Rajka,Nezira,Gynna,Salha,Safi,Annemargrethe,Thorsten,Miray,Mærta,Fatah,Zlatka,Els,Sitta,Rimsha,Atike,Agi,Saheb,Pornthip,Daisi,Akisoq,Lív,Hania,Elfa,Inga-Lisa,Nageswary,Suzannah,Elín,Mukadder,Ronya,Gzime,Minika,Lottie,Hanne-Margrethe,Fatos,Itaf,Adama,Safie,Witha,Solbritt,Gøtha,Mahjouba,Anthoinethe,Karen-Elise,Gete,Lidda,Sedina,Heena,Kholoud,Nani,Nafa,Kattia,Josephin,Rawaa,Maral,Annebell,Rass,Dodo,Zumreta,Thommy,Q,Pasa,Ekhlas,Emmaly,Holmfridur,Ummahan,Zuzette,Ágústa,Kita,Grietje,Khaddouj,Sahana,Vitte,Shari,Margitta,Inge-Birgit,Irla,Sadiye,Despina,Léa,Suhair,Sazan,Sanita,Maricel,Sharmila,Paarma,Basak,Elisabetha,Aydan,Poonam,Jovita,Shamshad,Ineke,Reham,Jet,Kien,Golda,Muska,Ann-Kirstin,Anne-Mai,Charnette,Lilli-Ann,Vesla,Eydis,Nivikkannguaq,Humera,Cleopatra,Lobna,Vianna,Melody,Kiddie,Hadzira,Candy,Mariia,Tho,Masooma,Efat,Wanida,Krishna,Jone,Jaruwan,Neia,Piroska,Walentyna,Nilab,Konstancia,Fidaa,Dobrinka,Anne-Lykke,Mitsi,Ingebrit,Arndis,Heron,Lamis,Ingbritt,Islam,Malaak,Lema,Melida,Kellie,Naeem,Rhona,Maija-Liisa,Naja-Nuka,Elne,Dorita,Cecily,Luella,Bjarta,Ayhan,Ditta,Mathina,Shukrije,Indra,Adar,Ergine,Biserka,Dai,Sudarat,Manel,Sheida,Josie,Kriste
11	Gundi,Retha,Genowewa,Abla,Et,Gerthy,Nazish,Maxima,das,Rabah,Vedrana,Shamsi,Ingar,Monike,Me,Nukarta,Mikisoq,Yuphin,Vivike,Ortrud,Zahoor,Lalla,Huri,Nafija,Somboon,Aysu,Claudette,Monira,Liu,Christabel,Tala,Sanija,Sahdia,Lenia,Girly,Helny,Laraib,Enith,Anna-Cecilie,Mansoureh,Ita,Dursun,Unnie,Sihaam,Karolin,Rükiye,Zalina,Jodie,Kimia,Målfrid,Brigid,Souhad,Melena,Shelley,Vahide,Hjördís,Ditter,Jehan,Bethy,Safiyo,Carry,Mahira,Maisaa,Yukiko,Hajnalka,Jente,Daysy,Gylva,Gerthie,Merlin,Elsbieta,Ovia,Casey,Sekita,Mais,Nivetha,Anna-Birthe,Valery,Raya,Oddlaug,Phuoc,Ljuba,Brinnie,Elsuba,Arian,Inge-Dorthe,Fumiko,Amory,Monny,Sólrún,Johnie,Nagwa,Meyrem,Keren,Leika,Nefa,Bruna,Jehad,Sehrish,Meg,Meghan,Bitta,Manjit,Tariq,Dalya,Donjeta,Milia,Yassmin,Grede,Noma,Kiara,Carit,Bjanka,Sillie,Juddy,Aliaa,Vlera,Ameena,Marlie,Ayca,Julla,Vasanthy,Oana,Cinna,Carmina,Rabiha,Danniella,Sviatlana,Hamza,Elian,Zahara,Cecille,Jetty,Maddalena,Rihana,Zenja,Mærtha,Azza,Gydde,Kristbjørg,Ren,Nevzeta,Jenifer,Annitha,Seida,Kumrije,Venny,Inger-Margrete,Fania,Lisa-Marie,Chanelle,Eida,Barbora,Elaf,Rezan,Lumnije,Marie-Helene,Aminguaq,Menny,Fjolla,Gianna,Malie,Ingelil,Eugene,Eyrún,Enrica,Birgite,Aurore,Zdzislawa,Karam,Alija,Shanta,Natividad,Ann-Birgit,Murielle,Benned,Badr,Cong,Ozgül,Valli,Edvina,Pushparani,Neli,Nivine,Marie-Elisabeth,Mounia,Pylle,Ruqiya,Olette,Zoë,Gurla,Chutima,Loredana,Kaniz,Douaa,Anne-Stine,Bahia,Hanne-Merete,Ardo,Remedios,Maliheh,Chabrina,Miri,Netty,Izabell,Kamala,Alfe,Hatidze,Nahomi,Shuang,Jiyan,Bozana,Nil,Shada,Kjellaug,Ejvy,Adia,Radhia,Ellenora,Rukhsar,Nafije,Hajrije,Fadimana,Elaha,Najagta,Hikmat,Annicka,Marjam,Halgerd,Naaja,Bara,Romy,Yuk,Nhat,Anilla,Ivanna,Jiang,Chila,Farha,Amnah,Sabirin,Minja,Lauritta,Mehriban,Cirsten,Anna-Birgitte,Jule,Elleonora,Janeke,Stenie,Margo,Sasikala,Nourhan,Eyð,Lici,Trudy,Anelis,Venche,Monir,Iffat,Elísabet,Inge-Lene,Aliyah,Daime,Zeineb,Dubravka,Ikra,Lamiaa,Araceli,Ammi,Hansmine,Ninia,Gunta,Carlotta,Berendina,Semanur,Mia-Maria,Riva,Eszter,Suhra,Everdina,Darya,Anne-Therese,Florije,Naureen,Fathie,Remzija,Agnese,Siegrid,Ann-Mai,Lisbett,Almut,Nonglak,Don,Fereshta,Majvi,Lailah,Federica,Svjetlana,Áslaug,Elvia,Iliana,Nafeesa,Gülcin,Umme,Eirin,Veny,Sørence,Naira,Zella,Nazlije,Priska,Hieu,Arnamineq,Sacira,Indrani,Arooj,Lisser,Tóra,Attia,Thilla,Ann-Mary,Kadrije,Aneesa,Juddi,Naveeda,Cheanne,Maria-Therese,Janaki,Resmije,Hanne-Birgitte,Mix,Majlinda,Bilgen,Zennie,Kee,Elahe,Elmy,Inesa,Rukia
10	Bedia,Toto,Nukanguak,Mija,Edtly,Dien,Merly,Sajda,Comfort,Meqo,Pan,Malinda,Souheil,He,Torvi,Rimma,Solveij,Sofiarak,Menevse,Surayya,Missa,Aurelija,Channa,Mah,Benne,Rolla,Jemina,Annli,Aðalheiður,Gulcan,Sai,Mimouna,Hatije,Jolita,Fartuun,Ninny,Chanda,Maimoona,Karen-Sofie,Torny,Annesophie,Uka,Ellen-Birgitte,Subhija,Durdu,Vilmar,Pushpa,Bethany,Oi,Khanittha,Ruken,Marwah,Annbrit,Talke,Tham,Surraya,Faouzia,Jung,Suman,Heddie,Ashwaq,Maysoon,Grethe-Lis,Özgül,Nonie,Ilze,Luma,Lucila,Kamle,Hibaaq,Dace,Hanen,Nazmie,Fateh,Sadiyo,Hema,Martyna,Else-Maria,Vuong,Gunnleyg,Ginne,Brittha,Giedre,Vanita,Maheen,Sundas,Branislava,Asty,Lisa-Maria,Ellin,Jintana,Banaz,Dithe,Yoshiko,Afra,Gunnie,Alaine,Gulzar,Mahmooda,Asmira,Idunn,Aiste,Herly,Kimiko,Elking,Pianna,Tong,Alham,Niamh,Karen-Birgitte,Antigona,Shahed,Mia-Louise,Gørild,Juki,Jocelyne,Jitka,Siu,Elizaveta,Valeriya,Rüya,Salama,Shira,Conie,Ikraan,Fevziye,Hardi,Onse,Amenah,Sinja,Faiso,Vahideh,Glenn,Natassia,Ninnie,Masooda,Charlotte-Amalie,Guðrið,Awatif,Raana,Nuuni,Romualda,Alexandre,Mitha,Hanne-Dorthe,Tuija,Djinnie,Nurit,Firouzeh,Hayad,Mukades,Rutt,Jonie,Hadel,Deqo,Fahmo,Helle-Merete,Wladyslava,Thessa,Kæty,Hisako,Lyda,Ibbi,Saime,Ganimet,Emma-Emilie,Saimi,Sughran,Jancy,Kamela,Danja,Elja,Pieternella,Panida,Thera,Kiwie,Illone,Shanshan,Milja,Narjis,Aniko,Annelore,Hasti,Shara,Florinda,Sissa,Shalini,Jytthe,Valérie,Nazdar,Waseem,Kille,Ajten,Gulvig,Siriwan,Araya,Sinthuja,Anne-Luise,Minny,Marioara,Georgiana,Annebelle,Ferda,Xing,Eloisa,Viet,Tilli,Aber,Isabela,Feryal,Birte-Marie,Padma,Suwanna,Lela,Grethi,Inam,Robabeh,Semina,Miradije,Gylla,Carlina,Hanne-Dorte,Tharsini,Anaam,Anerak,Balsam,Britte,Mayuree,Jale,Russel,Gudmund,Birgette,Istahil,Sirirat,Ann-Therese,Torgunn,Mariska,Gülbeyaz,Kyra,Di,Süheda,Shawkat,Doba,Denis,Hu,Nilly,Warsan,Loren,Kamilia,Bahrije,Soudabeh,Refija,Tha,Tuna,Techla,Heyam,Gui,Inessa,Aliz,Nera,Gökce,Paulusine,Maream,Deeba,Anne-Christina,Wagma,Ramize,Ishrat,Waheeda,Ann-Karin,Rauni,Zhanna,Xiang,Hayfa,Riza,Arzo,Tayyaba,Shad,Samai,Shkurte,Musarat,Noora,Ana-Maria,Tingting,Heida,Tally,Drea,Liga,Jaleh,Lucija,Atika,Nikie,Lory,Hikmet,Mallak,Sheba,Naema,Sonnia,Halim,Annlis,Ligita,Lette,Vijaya,Quan,Snefried,Sumathy,Sinny,Gerthi,Lorene,Erzebet,Eldbjørg,Ruweyda,Deva,Diellza,Marie-Pierre,Mirzeta,Divya,Puto,Farkhanda,Aruna,Kæthy,Marjut,Khouloud,Klaudiane,Mahassen,Carrinna,Samka,Anmol,Reka,Khawar,Habsa,Kada,Marizela,Farheen,Fria,Chaimaa,Anthea,Zizi,Anna-Sophia,Gülüstan,Manpreet,Kalyani,Baran,Arezou,Shao,Mally,Madeeha,Dzana,Caroline-Mathilde,Oleksandra,Griet,Andrew,Intissar,Birthea,Thais,Roman,Lilija,Setareh,Ernastine,Ramije,Arezu,Anne-Mia,Trung,Jawahir,Luong,Philomene,Farkhondeh,Kamer,Thara,Alima,Kisa,Lean,Niloufar,Soria,Hadiya,Alishba,Nanna-Marie,Nedda,Missi,Mirsa,Nonnie,Karen-Bente,Biba,Cana,Thonny,Osei,Daiana,Litty,Sigrund,Renda,Marzanna,Jina,Shafiqa
9	Rahat,Ingebritt,Gunnvá,Fatimeh,Luu,Juma,Atsuko,Aven,Gulle,Nacima,Aase-Marie,Ananda,Hosna,Sietske,Shadan,Jyta,Rozina,Sahzade,Neven,Muhiba,Rafat,Amera,Getha,Kavita,Rosy,Jastrid,Abshiro,Winona,Yosra,Kumiko,Nexhmije,Fahira,Shiri,Denia,Divna,Kimeta,Tasmia,Farhio,Enise,Ubon,Anisha,Aggie,Jeanina,Samije,Shenaz,Bang,Aura,Saloua,Armine,Najlaa,Julle,Seung,Goldi,Nghi,Sayeda,Rigine,Belenda,Anli,Sharareh,Oumaima,Gülnur,Fan,Jiraporn,Delfina,Sis,Anna-Sofia,Huynh,Foos,Haifaa,Mevla,Annastacia,Marilene,Grethe-Marie,Suganthini,Kirtha,Selveta,Hanka,Kiea,Remo,Ilonka,Petronela,Savka,Shilla,Prathum,Kadiriye,Ann-Catrine,Xiaoyan,Hallgerd,Ghalia,Zdravka,Mevlide,Eram,Anna-Helene,Zaenab,Kin,Barlin,Djemila,Aukje,Camilia,Peng,Selvarani,Lailoma,Niel,Ammanda,Thorborg,Fadik,Lotty,Samiira,Fardus,Kirva,Ajka,Starinsky,Afzal,Rojan,Offel,Runi,Øznur,Nadzije,Chinette,Idaline,Laleh,Daizy,Lumturije,Hellene,Anna-Vibeke,Amara,Camile,Leposava,Ridha,Clair,Gülhanim,Orly,Magni,Ilana,Zarqa,Souhaila,Anaya,Nilufar,Emma-Marie,Samya,Yumiko,Ann-Helen,Dobrila,Kerty,Rafika,Hajir,Hosai,Christe,Mita,Monice,Kathlin,Dorcas,Rian,Miia,Andra,Jeyarani,Petina,Raida,Ermuth,Sulekha,Jova,Anne-Lisbet,Nafia,Ejda,Darnell,Haiyan,Samirah,Lis-Ann,Milene,Milijana,Ermira,Gabrijela,Kirta,Johannes,thórdís,Åsta,Mafalda,Fadhila,Ila,Atidze,Niloofar,Aoife,Nimra,Yelda,Shahzadi,Ann-Sofia,Roxanna,Trinka,Ingrid-Marie,Guna,Sysse,Danila,Nienke,Arnakkuluk,Inge-Louise,Anniken,av,Sajma,Nehad,Naeema,Samran,Dasurije,Aleta,Lizbeth,Aikaterini,Mayra,Jesie,Rabea,Ramune,Sabrija,Sudi,Mujesira,Safran,Pui,Marcelline,Antonija,Aeman,Yonca,Ebtesam,Ulla-Britta,Laial,Arngod,Esha,Emmanuella,Vivianna,Marijane,Golnaz,Zelal,Saria,Ronnie,Salsabil,Sidsel-Marie,Zaira,Çigdem,Sükriye,Ulla-Pia,Dorianne,Aamna,Jenin,Ayche,Heidy,Izabel,Ejo,Gulistan,Dimitra,Riem,Vitty,Bashar,Maje,Hayley,Rose-Maria,Ruba,Henderika,Mercedita,Yanne,Ann-Luise,Melia,Sohila,Tahsin,Mirvete,Sarwar,Haim,Daina,Bergtora,Ann-Vibeke,Felia,Rhonda,Nattaya,Lioubov,Nalin,Anna-Cathrine,Secira,Gwendolyn,Melannie,Harpreet,Ridwan,Ranjit,Tuparna,Orla,Wandee,Jacinta,Peta,Lamyai,Iver,Bjarna,Sólrun,Rupinder,Nardane,Hanieh,Maica,Ngoan,Kiana,Emila,Minerva,Hanne-Lene,Awo,Utertunnguaq,Ke,Bedrije,Flurije,Hida,Fatumo,Litzie,Amane,Edie,Shandie,Deeqo,Monik,Gull-Mai,Brianne,Fazila,Corrina,Ajna,Etti,Lehna,Cimmie,Hedija,Cebina,Bong,Irvy,Sinh,Varvara,Ædel,Nili,Badia,Afifa,Valarmathy,Spomenka,Yamna,Hanae,Wibke,Chatharina,Ronny,Letizia,Amia,Dany,Rikki,Tomoko,Souheila,Majorie,Ilaf,Aurea,Deena,Sade,Nesreen,Anne-Elisabeth,Pouli,Sasithorn,Bernadeta,Hibah,Sirkka-Liisa,Deliane,Sheryl,Nathan,Ricka,Ann-Jette,Jillian,Shahzia,Rüveyda,Raghda,Meryam,Ingelisa,Ann-Maj,Nadeschda,Zane,Naveed,Nejma,Wida,Hayal,Bei,Bochra,Rupa,Altun,Angerdla,Cotta,Khatereh,Kalaivani,Mahboubeh,Parivash,Maartje,Arvin,Hasija,Ülkiye,Urda,Sutharsini,Lyng,Marva,Umran,Vjosa,Kylla,Semahat,Wala,Anna-Britta,Kaori,Anelia,Anas,Abirami,Naoko,Saoussan,Ynna,Alya,Khatira,Enaam,Ethna,Khorshid,Zaman,Lesya,Safinaz,Fazile,Maryse,Wazhma
8	Dega,No,Xiaoli,Latha,Antoine,Sirilak,Kali,Meredith,Fresia,Makiko,Sólvá,Benjamin,Inke,Kun,Nicki,Nitasha,Haval,Munawar,Zülbiye,Salado,Noria,Valbone,Nihad,Parichat,Aycan,Virpi,Anee,Kuldip,Xiaohong,Mayssaa,Maili,Idman,Ghitta,Huu,Annja,Lenike,Ramesh,Indre,Nasrat,Saeedeh,Mena,Elika,Ehsan,Jirina,Fusako,Veera,Ibadet,Amana,Noshaba,Semran,Estra,Marko,Florie,Sheren,Eygló,Zahrah,Ibado,Thomy,Dinny,Nermine,Semsije,Rosemari,Mitchell,Mettelise,Atchara,Pauly,Wissal,Tünde,Youssra,Güleser,Rubab,Bafrin,Najda,Niaz,Irdi,Shema,Hameeda,Haleh,Supawadee,Anick,Liang,Ann-Brith,Djina,Hadija,Suphannee,Milosava,Awaz,Cerima,Chaje,Zessa,Antony,Conja,Zelda,Shahd,Thayalini,Galia,Maria-Theresa,Montaha,Many,Aygün,Samreen,Napaporn,Maissa,Areeba,Asmat,Iana,Vilija,Drifa,Sofie-Louise,Halimeh,Parween,Najiha,Judita,Yasaman,Egi,Faezeh,Laddawan,Phatcharin,Midia,Michal,Nayfe,Saranya,Nasriin,Tuva,Müjgan,Katayoun,Simikka,Badegül,Ane-Kristine,Zilha,Nassira,Gerli,Lisen,Sirre,Angélique,Maria-Christina,Amphai,Buppha,Lidden,Nefise,Riikki,Oløf,Hoan,Märtha,Farima,Greti,Nghiem,Anmarie,Ramzia,Manguak,Nike,Miran,Menja,Stephie,Neval,Pakkutaq,Liaqat,Ejny,Erva,Nickeline,Sumera,Xiaoying,Paramjit,Par,Djordjica,Elisabeta,Nitha,Inge-Lisbeth,Tian,Dagrun,Fowzia,Rafah,Zhao,Juvy,Candan,Sadegül,Erja,Dibe,Nuri,Tehmina,Dani,Lindsey,Elze,Luanna,Firdes,Trisse,Yupha,Effi,Hilke,Dagna,Soheir,Thanya,Ornella,Dörte,Marka,Fathiya,Baiba,Zoey,Murisa,Leonila,Dorian,Sanida,Fahmida,Zamira,Anna-Emilie,Chahrazad,Ellenmarie,Cevriye,Waad,Stanka,Daeng,Lisabell,Gully,Nargas,Dürdane,Rasamalar,Wilaiporn,Gülperi,Cahide,Nuala,Tanzeela,Tayo,Ivi,Teofila,Nisar,Merlinda,Sisell,Riana,Pakhshan,Asal,Savanna,Zenika,Annalie,Wassana,Nastassia,Lendita,Guli,Majna,Siva,Irmtraut,Anlis,Peter,Valgerður,Sümbül,Olesya,Karen-Johanne,Arunee,Lidde,Muazzez,Manee,Draginja,Tamam,Anabel,Anna-Birgit,Omayma,Hale,Joseline,Shanny,Jainaba,Hitomi,Fathieh,Ibolya,Nika,Khadige,Kaltoum,Diala,Sukran,Tore,Timea,Albiona,Makkannguaq,Nel,Gintare,Naalu,Zemrije,Hayfaa,Zidsel,Siti,Amirah,Anni-Lise,Gitt,Netha,Elanur,Hildegarde,Amala,Essie,Liliann,Atla,Advije,Love,Akile,Iniz,Yet,Nevim,Özden,Dalida,Jameela,Vørna,Ann-Bett,Nurka,Reidunn,Zulejha,Kitza,Bergthora,Chirine,Rahela,Wilai,Marcelina,Karuna,Arianne,Sabeena,Yasuko,Venera,Nawras,Kinne,Annlisa,Borka,Zlatija,Dzevrije,Bia,Hiromi,Mubera,Aaneeraq,Binasa,Brynhildur,Khadro,Sa,Emillia,Kiwi,Sasa,Tuana,Halldis,Harty,Neena,Coral,Shahana,Evelien,Gunnil,Marie-France,Memona,Dalena,Nathaly,Ozra,Mahshid,Jutte,Hali,Magnina,Tahmineh,Tiia,Andjela,Dang,Pemba,Watsana,Adrianne,Anna-Lisbeth,Bibs,Sharmin,Natacia,Licci,Sezer,Emma-Sophie,Annali,Kitsa,Soraia,Riina,Dondu,Waffa,Loc,Ann-Charlot,Vernesa,Ghena,Ghina,Yuri,Hung,Jeanny,Alana,Ender,Hanar,Vathsala,Helly,Muzafera,Rudie,Beril,Faria,Du,Rossana,Raffaella,Gønül,Inger-Mette,Vlasta,Mandeep,Jingjing,Vittoria,Eldri,Tanzila,Manya,Fowsiyo,Glenny,Erda,Anna-Christina,Licia,Jue,Servet,Nedzmije,Selmar,May-Brith,Milenka,Jordana,Queen,Johanne-Louise,Shaghayegh,Emese,Bagdat,Maryla,Bozica,Csilla,Gohar,Thong,Hatem,Anisse,Rhita,Falis,Souzane,Wenke,Chita,Farrah,Nassima,Ylfa,Kirsty,Ragini,Gulten,Sikkerneq,Inger-Louise,Arnaranguaq,Razma,Souha,Sabba,Karl,Hermi,Lisan,Dzevada,Felicidad,Miyuki,Jeyanthy,Fowsia,Gurbet,Naoual,Qivioq,Mushtaq,Aycha,Munever,Rema,Shameem,Dhuha,Gusti,Payana,Sheima,Necmiye,Sanie,Selvete,Jyoti,Ulfat,Sefa,Smilja,Lenchen,Kha,Samila,Suwan,Ashna,Homeira,Kalla,Roja,Sennur,Aiche,Muskaan,Nori,Dayana,Lisse-Lotte,Marlo,Sarfraz,Sanya,Muzhgan,Asmae,Soheyla,Sombat,Reila,Gunhill,Sidse-Marie,Thereza,thórhildur
7	Shandi,Sükrüye,Balbir,Kitha,Sajra,Saha,Bisma,Sigi,Marim,Erma,Binnaz,Letta,Jomaa,Rufina,Hadzera,Benjawan,Roqia,Ka,Torgerd,Keerthana,Kifayet,Ilse-Marie,Seycan,Josefia,Manilla,Diannie,Erzsébet,Ratka,Santhini,Teddy,Dragoslava,Basmala,Sausan,Seemab,Muskan,Firyal,Envera,Tinny,Thangammah,Athra,Lican,Ingelore,Halyna,Olaf,Mubeen,Toi,Annsophie,Junior,Arda,Bisharo,Janat,Pouran,Manija,Canna,Zuzanne,Saowanee,Abby,Pier,Tina-Maria,Natia,Thanusha,Hamiyet,Gülendam,Lidiya,Wedad,Mahwish,Aman,Ino,Senait,Qaali,Tais,Jalila,Svenny,Zekira,Parmida,Naglaa,Ellina,Hanie,Kaltuma,Ingefrid,Alit,Ruzena,Maryem,Wanpen,Solin,Niels,Nipaporn,Abild,Lienette,Chahira,Javeria,Alfred,Nea,Mattie,Kardelen,Leonita,Karthiga,Xiaohui,Raqia,Vimala,Kelima,Duangjai,Trice,Audrone,Mishal,Chanella,Tonne,Rotha,Huan,Haja,Tamimount,Wilmy,Urai,Emilja,Binnur,Gergana,Begüm,Dragina,Ingemerete,Bedrija,Afreen,Nicolle,Valentyna,Aidah,Selva,Ini,Shehnaz,Ingelisse,Adrienn,Arzija,Ulla-Lise,Cveta,Karen-Else,Rabie,Hinde,Danya,Behice,Abeda,Djannie,Ankie,Selvedina,Beyzanur,Iftikhar,Nadica,Raife,Kanokporn,Tori,Radica,Mervet,Giuliana,Gøkce,Maki,Gila,Taniya,Hajira,Ebtisam,Rukaya,Valdeta,Nürgül,Virginija,Sunan,Sundos,Kendy,Ajisa,Aydin,Guluzar,Paja,Phatcharee,Mehrnaz,Manila,Fateme,Taghreed,Inge-Gerd,Baraa,Arita,Zhila,Safieh,Muamera,Haboon,Zemka,Tima,Saide,Atiye,Sissie,Lucky,Kadro,Inge-Maria,Sudenaz,Mette-Katrine,Kosovare,Taibe,Miruse,Wilawan,Zi,Lijuan,Yette,Siew,Edmee,Anabella,Gülnaz,Edler,Bente-Marie,Anne-Helene,Jórun,Lajka,Lenah,Dareen,Mahi,Fayza,Hila,Vasanthakumari,Kafa,Naghmeh,Rusmira,Natcha,Shahira,Gülcihan,Mayasa,Hengameh,Zakiya,Summer,Tri,Suhreta,Ihssan,Danie,Alin,Hifsa,Quinnie,Daad,Piia,Helna,Hatiyce,Samaira,Sumaja,Homaira,Mayda,Ann-Camilla,Jefta,Ekaterini,Masa,Denny,Tinni,Cinzia,Atiya,Senel,Nami,Maymuna,Karen-Bodil,Sevde,Jasamin,Besime,Faeza,Dovile,Habon,Abbie,Kosar,Samiye,Hoi,Pouly,Salme,Kalsum,Monya,Duc,Zuzan,Mejrema,Ehlimana,Zayneb,Vana,Rashda,Taraneh,Ann-Inge,Fariha,Priskilla,Farhana,Balkis,Ilaria,Albana,Marium,Chong,Nadezhda,Gefion,Rabha,Hakime,Pardis,Thinne,Ann-Birthe,Delshad,Nanthawan,Wejdan,Ellen-Merete,Sabria,Stefka,Shabina,Colly,Anegrete,Arij,Othla,Luan,Candra,Kity,Zorana,Tolka,Gerdur,Amnuai,Riikka,Rungnapha,Ghofran,Phannee,Knud,Olja,Salime,Darija,Carolien,Samorn,Khaleda,Elyn,Amire,Ghufran,Majke,Fehima,Ole,Marah,Annahita,Kettie,Mie-Louise,Lise-Mette,Pakeeza,Eva-Louise,Jamuna,Mamuna,Terri,Bahja,Huang,Chaya,Ansofie,Ceri,Safio,Gunnvor,Jomana,Charleen,Minou,Mati,Hanne-Birthe,Somayeh,Inger-Maria,Kiin,Inge-Maj,Tescha,Aninguaq,Donata,Rasmie,Zarghona,Ivka,Pranvera,Dagný,Annemai,Viggo,Najoua,Felisa,Signý,Adrijana,Monireh,Anne-Else,Kayla,Irsa,Ilina,Jeana,Anni-Grethe,Jasbir,Silia,Sureeporn,Auli,Duddi,Sahera,Sumia,Ingelene,Galyna,Behara,Pakiza,Ise,Nazila,Tani,Rukan,Hayam,Agha,Sigfrid,Tiril,Somphit,Malwina,Tuparnak,Durna,Lis-Mari,Hürü,Kauther,Dzevida,Narine,Proscovia,Mihane,K'itura,Ivik,Wannapha,Adeela,Xiaolin,Midori,Anahid,Tieu,Rokhsar,Kaete,Live,Atalia,Biancha,Negina,Phikul,Filis,Andjelka,Anat,Wivie,Zoubida,Mahdieh,Zühal,Ida-Louise,Thitima,Danuse,Mitci,Bjørli,Nimao,Chenar,Anne-Brit,Najet,Menika,Milojka,Hildebjørg,Rosa-Maria,Jørun,Gol,Ruddy,Sol-Britt,Forouzan,Ranin,Sondos,Zilke,Saham,Sabih,Advija,Florica,Nukakkuluk,Thore,Kokab,Reeta,Yogarani,Hannemarie,Cai,Ibtihaj,Leonida,Valmira,Henja,Saifon,Parmjit,Zoia,Ronahi,Jesse,Demi,Dally,Mamudije,Tiziana,Eydvør,Hanne-Lone,Vanitha,Sædis,Lubov,Samin,Asije,Hristina,Nukalat,Orsolya,Hassana,Kulwant,Amale,Ritra,Kadire,Samlee,Magdy,Sally-Ann,Davide,Ibbe,Barije,Karen-Merete,Sunnva,Danguole,Etha,Cassie,Münire,Quang,Lilit,Mehrnoush,Guðny,Franja,Chui,Luci,Alyaa,Redzije,Jula,Chiman,Sassia,Nadeen,Dorentina,Nadera,Frishta,Suhuur,Naze,Güner,Suado,Ziynet,Nesli,Enesa,Karta,Dzevahira,Saly,Barfin,Vasantha,Nadereh,Patricha,Zahira,Sahadete,Jaklin,Mehnaz,Tatijana,Inge-Birgitte,Miao,Hawar,Elisaveta,Darunee,Mejrem,Annamie,Tennie,Evon,Grazina,Sujitha,Halide,Parma,Naiyana,Somnuk,Nicoletta,Rieke,Arianna,Thorgerd,Ariel,Kanlaya,Sucaad
6	Junis,Nehmat,Jaime,Hamse,Andreja,Sohad,Koviljka,Raheleh,Tali,Inga-Marie,Amide,Touran,Helka,Fadoua,Marivic,Sneda,Gøril,Udom,Kezziban,Dzarije,Sutha,Nawar,Artemis,Kerit,Anna-Maj,Miad,Janphen,Nipha,Redha,Inge-Birte,Kazumi,Nuro,Gene,Ajnur,Tine-Marie,Metthe,Surjit,Abiramy,Zarghoona,Alije,Kristvør,Sivan,Ragnar,Mohinder,Thayanithy,Dejana,Fekrije,Shermin,Felice,Almaza,Thoai,Sariye,Zhor,Makia,Roni,Ruqiyo,Vukosava,Dashurije,Nevrije,Effat,Emli,Vineta,Sumeyye,Edin,Heng,Jowan,Sawssan,Nawroz,Sabir,Anzhela,Ann-Gitte,Sihem,Soile,Khairia,Wenja,Malalay,Marca,Enikö,Zinajda,Faketa,Wadha,Yuanyuan,Taban,Mirije,Mireme,Hameda,Ann-Julie,Shabbir,Warin,Jonvør,Zenona,Bissan,Selvamalar,Naela,Merak,Eddi,Rehmat,Vien,Liese-Lotte,Juweria,Chamaiporn,Manzar,Allah,Tuan,Katsiaryna,Resmija,Toki,Kittiya,Robab,Arisha,Hiwet,Sigita,Ukendt,Radije,Ala'a,Valerija,Mirnesa,Nino,Parminder,Sumeja,Nedeljka,Dzehva,Mangaleswary,Shoshana,Persa,Sabaha,Bitt,Nizama,Souhair,Ramia,Delila,Hazima,Dinka,Linlin,Gulsen,Zerrin,Malake,Magbule,Elo,Farnoush,Libbe,Tung,Khadiija,Medhat,Linni,Saniya,Shafa,Mumina,Surer,Masuma,Montha,Thorild,Vladica,Fadimo,Tenzin,Rezvan,Nihaya,Rozarin,Mahbobeh,Kelli,Cemille,Jesmin,Fahra,Ajsela,Sevime,Nugga,Wassila,Marua,Eydís,Eva-Lotte,Pilo,Viyan,Thongkham,Blazenka,Birute,Fawzie,Jaweria,Idon,Velida,Vasva,Zika,Sofya,Insa,Tich,Mukda,Fadim,Mehibe,Cannie,Jariya,Roueida,Muniira,Anan,Inequ,Thieu,Homeyra,Rafiye,Denni,Kaama,Amaneh,Gentijana,Leylo,Kerrie,Suthamathy,Fayze,Zühre,Harry,Suhur,Thania,Maliwan,Harjit,Itidal,Girlie,Lawrence,Ajrije,Ingerborg,Kaoutar,Michélle,Nongyao,Svanna,Zinka,Anna-Margrete,Namra,Durdica,Belqis,Lenny,Dawood,Mireia,Nidaa,Marloes,Ilvana,Shokrieh,Sodabeh,Zakie,Kayleigh,Samena,Tannaz,Il,Subha,Tuka,Ayaat,Mickala,Thorny,Güzide,Flordeliza,Gudni,Mette-Sofie,Zvezdana,Manu,Anjelika,Hanne-Birgit,Asmah,Nobuko,Mette-Kirstine,Djenana,Ann-Lene,Anna-Bell,Raha,Nebras,Camina,Lutvija,Thoni,Raho,Munta,Yuksel,Annelisbeth,Souraya,Basia,Annbeth,Päivi,Sasitorn,Jawaher,Feodorowna,Joeanna,Aska,Izel,Eine,Safura,Naside,Emne,Najibeh,Nadiah,Zöhre,Kafia,Sado,Duniya,Anna-Kristine,Manne,Ravinder,Valdete,Giorgia,Kayoko,Avesta,Smiljana,Karen-Maria,Karno,Touria,Hakimeh,Irandokht,Jay,Vinitha,Sermijet,Line-Marie,Sudjai,Ingerlil,Che,Ilya,Tim,Sejida,Tavga,Imke,Hibba,Pham,Sadieh,Ranna,Arbresha,Loida,Cihan,Rabiah,Nagihan,Awat,Kiem,Ásdis,Ajantha,Nooshin,Safar,Badrieh,Cecilie-Marie,Cyril,Olöf,Vitalija,Anne-Rikke,Nielsen,Deko,Rajni,Kamar,Oznur,Suphit,Thanja,Gulnaz,Ljindita,Miyoko,Qiao,Salla,Fardowso,Bessi,Anne-Kari,Sebajet,Inunguaq,Sjanna,Alejna,Shokhan,May-Lis,Tabarak,Gülsan,Dittemarie,Tomi,Kritsana,Cianna,Nigmet,Ejvi,Pornphan,Nosrat,Jens,Dongmei,Harvinder,Chaweewan,Zafer,Xiuzhen,Marni,Tetina,Ferdane,Ia,Mereme,Lucita,Vimaladevi,Kumuthini,Ajat,Dula,Patrice,Suban,Desislava,Zekra,Astrid-Marie,Entesar,Liselone,Hadzere,Wafae,Karen-Lisbet,Bebe,Shahzada,Qui,Shiba,Donny,Fredy,Raissa,Rula,Karoline-Amalie,Ellen-Margrete,Naual,Jila,Asibe,Mladenka,Kari-Ann,Nukarleq,Stanica,Anne-Fie,Bleona,Olli,Sabreen,Maimona,Kaltum,Moniek,Mariora,Diyar,Clara-Sofie,Rungnapa,Agné,Maysam,Menal,Sisse-Marie,Duangporn,Roshanak,Uli,Lucilla,Ouafa,Anne-Catrine,Baljit,Ghazaleh,Menka,Sivaneswary,Andelka,Patcharin,Shanthini,Abier,Inoraq,Galit,Hadije,Narmen,Zivile,Kiyafet,Trine-Lise,Huiling,Naina,Olcay,Shahrbanou,Geeske,Debbi,Zubeda,Sindi,Sengul,Regula,Wahiba,Seri,Karit,Turið,Spresa,Malica,Gada,Dafinka,Nürten,Sivagini,Sarab,Munazza,Mardin,Samiro,Aliss,Inger-Lisbeth,Sakire,Maren-Lis,Kawtar,Armita,Rusul,Chanh,Elit,Serin,Narinder,Do,Lillin,Dojna,Emsal,Heval,Broder,Liping,Shafia,Arbnora,Mohana,Aksana,Ruwaida,Külli,Nausheen,Alieh,Ziva,Khalda,Rathika,Valdemar,Cidem,Pantea,Cevahir,Jette-Marie,Mahrukh,Vahdeta,Maneerat,Sahel,Somchit
5	Anna-Carina,Zhaleh,Dionne,Özcan,Watcharee,Susser,Rikkeline,Phan,Zhang,Fati,Ghotai,Hirijet,Seila,Inda,Iftin,Rennie,Keum,Zipora,Encarnacion,Xiaojing,Sellammah,Fardous,Manette,Rezija,Ducine,Bendy,Iversine,Ünzile,Kasmira,Kefsere,Zonia,Fatmagül,Lieschen,Sulejma,Wiaam,Yessra,Adevija,Tabasom,Mersida,Maliarak,Fahriye,Ferhan,Manahel,Ytha,Hivi,Gana,Sofiya,Bassima,Shera,Rohina,Hyben,Mindy,Samniang,Shaila,Melihate,Antoniette,Persida,Masoud,Finna,Alzbeta,Mayianne,Srinuan,Sabila,Masoma,Sevdiye,Ragheda,Karry,Jeyanthini,Mizgin,Kadiatu,Anouska,Malva,thorbjörg,Zinita,Kwestan,Aysegul,Odny,Zandie,Lillebil,Meimei,Gulnare,Remi,Hateme,Sushma,Sofiannguaq,Markusine,Ruveyda,Aesha,Ellen-Sofie,Bodine,Gitten,Annastazia,Merisa,Liezel,Gotfrida,Sussanna,Chien,Kaoussar,Stoja,Karenline,Ivan,Viktoría,Vincentia,Besmire,Xinxin,Hasime,Marketa,Karishma,Zanab,Magretha,Minelle,Wictoria,Torben,Lonie,Azema,Sabera,Maninder,Yupin,Mehrangiz,Ambrosia,Orfa,Najeba,Vezira,Maite,Evan,Bahtije,Ludvika,Anula,Hilly,Donja,Øzgül,Zinet,Mahvash,Nessrin,Ulli,Nanthini,Amreen,Jenda,Deega,Ivera,Kataraq,Nevresa,Rosmari,Harley,Maliaraq,Sunie,Dorethy,Andja,Lill-Britt,Gihan,Kadife,Kornilia,Safire,Ensaf,Christianne,Anne-Ditte,Chikita,Zetti,Nives,Nazike,Diyana,Hanchen,Sivajini,Cama,Xhemile,Solvaj,Artina,Rawia,Abide,Putte,Marie-Cecilie,Ferize,Antonieta,Nedime,Fadak,Ljilja,Premila,Wilailak,Amelita,Gilla,Ann-Lisa,Evica,Praphaporn,Elisabete,Alexsandra,Zejnije,Maria-Charlotte,Merjem,Kosa,Ditte-Louise,Thuridur,Anju,Gerda-Marie,Arine,Neeta,Leocadia,Anil,Kamalambikai,Alruna,Nouria,Wivan,Jelisaveta,Inghild,Beyaz,Remza,Nassrin,Nathaline,Nurdane,Ferdinanda,Sarah-Emilie,Sibilla,Caritha,Ramzie,Nazifeh,Mathura,Gülkiz,Ranjani,Batulo,Nirmin,Makkak,Zulaikha,Najad,Isi,Anna-Bente,Sumathi,Ineta,Laurethe,Brunella,Constantia,Sopa,Alvida,Anna-Dorte,Vagny,Smila,Agnar,Siegfriede,Asine,America,Signi,Hanne-Lisbeth,Radka,Irith,Lorenza,Duangrudee,Mariet,Liljen,Somkhid,Malianguaq,Zanib,Najaaja,Suriya,Olise,Celene,Gulan,Munna,Zlatana,Mejken,Otilda,Liesa,Laura-Marie,Yth,Hannebeth,Erza,Rozan,Florencia,Juaannannguaq,Melodi,Fredrikke,Caridad,Else-Beth,Olinda,Sæunn,Wendla,Jeeranan,Æstrid,Anne-Gerda,Tazeem,Bilan,Saramine,Mette-Kristine,Sisko,Sonata,Angkhana,Dorthine,Esa,Simine,Hanumica,Tippu,Marijan,Didder,Lucretia,Waclawa,Hasreta,Layali,Thorhildur,Shumaila,Amnuay,Tuanjai,Birith,Zhuo,Noshin,Emeline,Sutharshini,Pendije,Milouda,Fridhild,Nabaa,Agis,Bahija,Wang,Raila,Noelia,Zenah,Ferah,Kefah,Humira,Besmira,Demila,Arnarak,Nathania,Kimiya,Namka,Rizan,Rekke,Jegatheeswary,Margurithe,Ane-Dorthea,Yanina,Nevzer,Ellevine,Livija,Anne-Johanne,Narumol,Karin-Margrethe,Rhiannon,Jokeba,Duna,Simma,Didar,Jody,Merit,Terhi,Nulle,Ayøe,Tutte,Floarea,Taeko,Angham,Ezat,Rasmi,Imrana,Seada,Ann-Catrin,Nina-Maria,Jit,Iraida,Jawhar,Zubia,Antra,Anna-Frida,Christina-Maria,Ruma,Baraah,Lis-Anne,Esther-Marie,Shekiba,Kheirie,Shimaa,Aimy,Tamanna,Umaporn,Rebækka,Kizzie,Aleida,Gilberte,Gamila,Sisser,Gesine,Inca,Terezia,Sabha,Srisuda,Nurija,Momo,Sørina,Zimone,Madonna,Alessia,Chantelle,Aimèe,Gorine,Ann-Lee,Lolitta,Mehreen,Angella,Gena,Ann-Elise,Laura-Sofie,Golde,Sofja,Benditte,Wania,Goda,Roksana,Angerlartunnguaq,Fljorije,Enrika,Resmiye,Sawat,Anne-Rose,Dortheraq,Venild,Bela,Ubol,Anne-Liese,Fardawsa,Olevina,Sangeeta,Kismet,Amalija,Sukaina,Elvire,Jasemin,Shogofa,Chirstine,Sivasakthy,Fani,Fatmé,Isnije,Kulwinder,Kris,Masomeh,Sørgine,Anna-Laura,Vibike,Clarita,Lirie,Yonghong,Kruawan,Shemsije,Esmina,Giselle,Anees,Zerlina,Taima,Sehar,Firdous,Annekatrine,Raian,Gulsum,Amandeep,Mable,Hanine,Vasuki,Annelisse,Yogamalar,Donatella,Mahgul,Mada,Juthamas,Enga,Hasmik,Ernada,Musette,Fakhria,Boleslawa,Iverla,Bjørna,Ásdís,Ann-Sophia,Patcharee,Zette,Suganya,Portia,Meagan,Asnath,Horia,Otha,Parvindokht,Bibi-Ann,Ernesta,Ulla-Margrethe,Sarah-Sofie,Keri,Mitza,Wendi,Ursela,Ahlaam,Ragne,Arya,Jaffa,Gifty,Elenor,Madlin,Simonie,Anna-Mai,Tita,Thalita,Bee,Shabeena,Sedra,Sarojini,Minell,Fiza,Betzie,Ery,Leida,Tenja,Seyed,Bang-Orn,Shafqat,Maryana,Samireh,Veselina,Humma,Nichita,Zerin,Irmgardt,Nezha,Fridda,Suheda,Princess,Birge,Chonlada,Safoora,Asiarpa,Cecelie,Saina,Ismehan,Ilena,Ilinka,Athanasia,Thorlaug,Lotten,Kiti,Kajal,Fritzi,Tahseen,Pitsi,Kete,Christance,Petersine,Angkana,Dalina,Dorkas,Krispine,Fatat,Jeanica,Brianna,Panagiota,Blandina,Nilifer,Feda,Umija,Muqadas,Djellza,Simi,Tutti,Nirvana,Sogand,Santosh,Asii,Zulekha,Jebine,Rica,Aviva,Wallaa,Lohne,Luljete,Najima,Dulce,Bernadetta,Karen-Elisa,Jensina,Anne-Marit,Børgine,Annella,Aprilia,Kadime,Liselene,Shahrazad,Sawai,Itab,Mehmoona,Maryia,Jætte,Genna,Lezanne,Naguleswary,Gülben,Arni,Isja,Fausta,Navida,Peace,Bjørgit,Ianina,Rute,Divine,Ghania,Heiða,Botella,Tinnie,Aras,Vena,Eser,Tajma,Emma-Katrine,Arzi,Andine,Rozalija,Sarah-Sophie,Fanney,Harrieth,Sabia,Davina,Ganja,Asieh,Avuse,Mürüvet,Fatouma,Tórunn,Gida,Myrli,Renoo,Lailla,Nahrin,Laia,Irmgaard,Chamila,Tezcan,Jetti,Zsofia,Ane-Karen,Igbala,Cathlin,Suphattra,Francie,Hifza,Melkorka,Alexandria,Tanija,Sigfrede,Vibs,Davorka,Hanah,Diwa,Delilah,Annerose,Vedis,Panteha,Margaux,Queenie,Kimet,Pili,Letty,Sheyda,Fredrika,Amrit,Nicha,Elemina,Megumi,Kristrún,Basra,Zentha,Malinka,Majla,Parmis,Sareh,Elsbet,Nidzara,Monni,Iqrah,Vibekka,Beheshta,Wladislava,Prema,Sólja,Shana,Manju,Inge-Line,Angeli,Jozefine,Effy,Renette,Razije,Mitsuko,Nihayet,Merlyn,Manni,Helena-Maria,Mino,Markild,Zubeyde,Sunantha,Mahbooba,Janey,Baby,Hulfred,Athraa,Henriett,Matty,Harisa,Ellaha,Regitta,Anne-Mary,Nikoleta,Antonetta,Meiling,Giuseppa,Marzenna,Sharifan,Sonita,Zonja,Hatin,Nit,Lisa-Lotte,Karensine,Zura,Zivana,Fethiye,Jeanel,Mona-Lis,Oliver,Farkhunda,Selam,Annaline,Consolacion,Hannegrethe,Melka,Shafika,Phensri,Mehavesh,Siren,Anna-Amalie,Rayna,Phanida,Rosanda,Dagmer,Verka,Youmna,Ellen-Kirstine,Mevlude,Aleksandrine,Fernande,Villiane,Arnis,Tusnelda,Ashtar,Jantina,Zetna,Farnaz,Dursuma,Sosan,Suvi,Entisar,Mitdlaraq,Sorlannguaq,Evaline,Khadeeja,Jytha,Lili-Ann,Ghadah,Fowsiya,Amineh,Thekra,Oraphan,Rufije,Anahit,Essa,Elenna,Ann-Line,Budimka,Mélanie,Raimonda,Kristianne,Villadsine,Sirkku,Otillie,Ellena,Opal,Renna,Nazma,Salamine,Dieu,Khin,Rasida,Lika,Milad,Amalianguaq,Lakkana,Grazia,Tabasum,Anamaria,Lada,Malyun,Trinidad,Fahrije,Rehema,Juaanna,Brynhilde,Aamina,Urzula,Käth,Gudfinna,Monita,Bhavani,Clothilde,Kurdistan,Eyrun,Salvacion,Lamduan,Chanida,Chonny,Medya,Elísa,Taylor,Hanna-Lise,Dagbjørt,Fadya,Anna-Pia,Adla,Augpalugtuatsiaq,Inge-Jette,Fulvia,Umama,Niko,Tharmini,Astridur,Jenge,Therecie,Esada,Wannee,Banan,Rosalba,Maalfrid,Nurgul,Keisha,Botan,Fillippa,Thongbai,Saranga,Kibar,Genet,Johan,Farina,Lys,Anizette,Sheeba,Lusie,Maria-Elisabeth,Kethe,Aihua,Diva,Hibak,Sandeep,Toka,Ingfrid,Jacquelin,Billy,Hassina,Mubarik,Leilani,Neelum,Aime,Ibtesam,Rosamunde,Aysa,Soussan,Teruko,Candice,Ronia,Goenna,Arnaarannguaq,Adeviye,Claiere,Ilhaan,Else-Mari,Kitzia,Maria-Elena,Nynke,Hatka,Jolina,Karenmargrethe,Ericka,Sheng,Mauda,Balqis,Irfet,Saffia,Abina,Laise,Nathasha,Joanita,Soz,Toyoko,Jamnian,Mojdeh,Zakieh,Anne-Mone,Sahrish,Besma,Venna,Nataliia,Habibeh,Arisa,Feige,Ruwayda,Rajfa,Aïcha,Feifei,Josipa,Hangama,Ann-Janet,Annah,Nataschia,Mellissa,Margr,Badriya,Dibo,Kickie,Canije,Anne-Carina,Halenur,Ashti,Gonda,Axa,Olesja,Gullmaj,Lyn,Zennure,Fareshta,Aase-Lise,Mastoora,Suheir,Ugaso,Beisa,Evalyn,Karlina,Thorun,Inta,Elydia,Sehnaz,Gertine,Aysin,Velika,Tamila,Thivya,Sara-Maria,Ejra,Sjannie,Ellinora,Margery,Stanojka,Stefany,Anne-Lore,Nastexo,Dannie,Anna-Britt,Ayisha,Vivy,Badema,Rajinder,Clarence,Paivi,Wennie,Gunner,Fazilat,Vojka,Eiko,Mays,Marlina,Dorritt,Marenlise,Hlin,Sava,Pia-Maria,Osob,Badri,Clara-Marie,Dagni,Nonna,Bolithe,Xiaoping,Sureka,Sire,Lania,Syrine,Aris,Denezia,Mamie,Nadide,Atlanta,Juddie,Edelweiss,Lesley-Ann,Bartoline,Sairah,Bode,Gøzde,Khadouj,Ragad,Mett,Kanthimathy,Berthaline,Trisha,Zaide,Kristofine,Suphap,Mikkela,Bilqis,Diaa,Ljatife,Laurits,Sadbere,Rabiab,Cissel,Anjela,Om,Arli,Hidayo,Manizheh,Kima,Dzezire,Zaheda,Ambrin,Seyran,Göknur,Hodon,Nurto,Ramya,Muruveta,Elnora,Brygida,Hildigunn,Onni,Alrona,Wiera,Dietlind,Memnuna,Igballe,Eylül,Guðlaug,Zunaira,Elheme,Wanthana,Halise,Inger-Merethe,Adnana,Nalayini,Pornsawan,Erminia,Hermance,Malisa,Gullis,Shauna,Faika,Othelia,Filloreta,Konkordia,Cvetanka,Sarbjit,Hadiqa,Mirla,Tajanna,Beulah,Kaalat,Rosanne,Bogdana,Malihe,Nasri,Suher,Tyyne,Hansen,Tuncay,Rosetta,Manonmany,Emma-Line,Gowri,Renske,Sofhie,Rahaf,Guljan,Israh,Sarya,Ingermargrethe,Solbjørk,Bernardine,Hlif,Anna-Maija,Zarghuna,Sunay,Leina,Pandita,Skala,Aliona,Ahad,Aletta,Anneka,Kristian,Mulija,Vieno,Gyongyi,Lahja,Phin,Rinnie,Abisha,Najeeba,Gresa,Imren,Sheyma,Avijaaja,Tubay,Malike,Saado,Farishta,Yaprak,Assiye,Irfete,Thamina,Najmeh,Altijana,Rit,Doua,Nivinnguaq,Gulalai,Sora,Orasa,Nazo,Ilsebil,Hedewig,Jónína,Adelene,Liska,Thony,Grozdana,Cat,Mikaeline,Mahije,Darina,Ovina,Semsija,Ehteram,Altina,Evfraimine,Kasturi,Isadora,Vinja,Monett,Wendela,Laurikke,Uthilie,Margaritta,Gawed,Shakiba,Andreia,Aphinya,Nafas,Monera,Kadar,Sam-Ang,Ingva,Perwin,Lolli,Rhodora,Parinaz,Mufida,Nusheen,Santo,Maisam,Marikke,Vlatka,Roseli,Sabeha,Ester-Marie,Mersada,Kimma,Paya,Agnis,Meseret,Maria-Helene,Sakorn,Viana,Emma-Amalie,Jannicka,Musarrat,Ingemargrethe,Irmina,Shaha,Terje,Rakia,Nazim,Mesude,Wanwisa,Migle,Narmeen,Talya,Matthildur,Sirine,Charito,Ayser,Wafica,Chaimae,Marjory,Weam,Omaya,Amarjit,Gürcü,Gullborg,Perlita,Yllka,Nivikanguaq,Gunnlaug,Botilda,Rukiyye,Lie,Laisa,Tayaba,Kätty,Gea,Inthumathy,Kaynat,Berglioth,Wilda,Vilai,Nagat,Salamatu,Kolsoum,Uthayakumari,Sivapackiam,Yanping,Mersije,Gudbjorg,Wyrna,Xena,Shizuko,Zarlasht,Saleema,Natasza,Gudbjörg,Nasteha,Kamaladevi,Zarema,Krenare,Tabithe,Anne-Claire,Mette-Maria,Ama,Toby,Bett,Nannette,Shona,Michelli,Miamaya,Júlía,Aninne,Sumeyra,Micoline,Werny,Johni,Neide,Tharsika,Jolan,Farije,Titia,Shokria,Tippe,Eluna,Linnette,Jacquelyn,Stefanía,Mbarka,Sujitra,Liubov,Fatina,Emelita,Tamsin,Rinette,Rajae,Maimouna,Alvhild,Smia,Mathi,Afsana,Saera,Riam,Kseniya,Kitsia,Daga,Liene,Sylviane,Zasja,Ann-Tina,Hanaan,Bojan,Ugbad,Hourieh,Dewa,Mehvish,Gregersine,Tahreem,Marlyn,Anniesette,Ilsemarie,Kirsten-Merete,Phu,Tinella,Lilyan,Hatixhe,Svandis,Petya,Tuulikki,Fridy,Janjira,Wajiha,Grete-Lis,Alys,Hirijete,Seljvije,Sirima,Irmela,Naree,Ameera,Somaia,Chalita,Suria,Nizita,Sogol,Berndine,Hólmfriður,Jerine,Anne-Sofi,Ritu,Rosalinde,Niran,Aneline,Keklik,Nashwa,Emiko,Gigja,Shafigheh,Xiuqin,Irine,Nilje,Spogmai,Julika,Fenella,Chahida,Gulay,Gerhild,Najagtanguaq
4	Shameran,Mauricette,Aminguak,Emmilie,Asuncion,Kisse,Jørge,Dido,Fardos,Andresa,Wikki,Hüriye,Atly,Arly,Nongnuch,Eva-Lotta,Ann-Dorith,Sebihat,Vincenza,Kamalini,Windie,Khadiijo,Razaw,Berntine,Cristiana,Lorens,Ruxandra,Yngve,Cory,Alijana,Gülsu,Houra,Satsuki,Rudolphine,Joachime,Hea,Alfine,Iclal,Freeda,Afife,Lasalie,Dzemilje,Tahire,Feray,Rasammah,Selvaranjini,Praphatsorn,Anayat,Igbale,Mulu,Fryda,Vasilisa,Beenish,Zaibun,Aaju,Aide,Oili,Enne,Kyla,Schastine,Khatoon,Ligaya,Sharin,Modith,Mikkoline,Candida,Madelyn,Kjeldsine,Miaad,Miriana,Dinora,Marie-Jeanne,Walda,Adis,Ketsia,Prayong,Fosia,Natazia,Lissia,Harpal,Abilone,Vasfiye,Mimmy,Najatta,Celly,Gundula,Constancia,Khanda,Kalawiz,Debo,Nezire,Kuniko,Ajlin,Tidde,Krstina,Berghild,Sevtap,Lucha,Gisleyg,Sha,Maka,Dil,Aiesha,Launora,Jonfrid,Heimke,Efraimine,Saema,Bach,Sehija,Chenett,Annegine,Rashpal,Else-Britt,Wioleta,Izdihar,Linde,Myla,Dineke,Ellids,Zhou,Faridah,Gunther,Botelle,Nataline,Erna-Marie,Stanija,Tonka,Anjana,Janelle,Farxiyo,Azizah,Gullbritt,Omaira,Tifa,Betzi,Soufia,Ann-Liss,Valma,Anna-Lucca,Sea,Babita,Rodo,Thomanna,Seima,Beret,Ghader,Saiedeh,Suela,Rosann,Aisling,Ramlah,Kattie,Tiba,Masoomeh,Nasma,Asvør,Ghislaine,Cathalina,Hermia,Adelia,Ouafaa,Matthana,Badra,Mathivathani,Frantsine,Goncagül,Teodozja,Patthama,Dietlinde,Nebije,Gyril,Maisson,Rauna,Suda,Ann-Britta,Phongsri,Müge,Lenemarie,Viggoline,Danine,Marnie,Mady,Sakhon,Guan,Khaldieh,Pala,Sorour,Snefred,Rosalja,Magdalen,Ariella,Suoma,Gunn-Britt,Kartha,Jalda,Miona,Trunte,Midheta,Attiya,Naghem,Elejna,Lubica,Ouafae,Maiica,Sherry,Ika,Mianna,Ekatarina,Chaymaa,Nejme,Lauritsine,Mubarak,Atusa,Khaula,Edwina,Giau,Eika,Asena,Gufran,Figne,Annsofi,Nastassja,Arthika,Frejda,Erzsebeth,Hannele,Ruhsan,Dobrica,Manchula,Anelle,Gjerda,Papaya,Pie,Vienna,Suzane,Metthilde,Anne-Kristin,Aleeza,Yegane,Karen-Helene,Sehaveta,Heta,Evalina,Anne-Maren,Olwen,Rone,Muvedeta,Sabita,Sabarin,Begzada,Suse,Denana,Wiphada,Qun,Vetsera,Tayba,Abibe,Ansam,Marlise,Subasini,Bassma,Hozan,Rasmieh,Angly,Ehlin,Gülzade,Jude,Gourli,Walia,Saowalak,Ekilana,Nghia,Ravza,Welfy,Tayibe,Sediqa,Thidaporn,Hongxia,Katalina,Tukumminnguaq,Licken,Kylie,Chra,Leana,Reshma,Lamberta,Kistarak,Camillia,Alfhilda,Alenka,Badrie,Gorli,Veselinka,Raihana,Samilla,Melaine,Margun,Ihsane,Jimena,Nursah,Femije,Tovelil,Kimm,Rowa,Miina,Masumeh,Sayeh,Sefije,Esmanur,Elise-Marie,Angelin,Karrina,Ytte,Irmtraud,Thericia,Asiarpak,Ianne,Cui,Arnarsaq,Mozhdeh,Suleima,Emilienne,Ebtihal,Ottonia,Aaliit,Cheila,Nina-Marie,Jenitha,Behare,Sidiqa,Fryal,Najagtak,Elvije,Cilli,Robena,Merlina,Lior,Mathilte,Traudi,Eqilana,Stefi,Etelka,Andela,Stephine,Khoa,Genofeva,Fortuna,Vojislava,Afia,Sawda,Hudda,Noorzia,Fridel,Williane,Sageda,Othalie,Laida,Gyte,Synned,Titica,Chantell,Holma,Mimosa,Immaculate,Arlyn,Birgul,Michaella,Yuhua,Celestina,Dorits,Anna-Mathilde,Ilmije,Tove-Marie,Samine,Masuka,Lang,Kauser,Imogen,Cath,Nishtiman,Anjali,Marju,Kale,Manett,Vered,Assma,Fredie,Roseanne,Elsia,Hankija,Rihane,Ullamaja,Kattrine,Sørsine,Livi,Maina,Enike,Sumontha,Nuhad,Nagah,Sumiko,Belen,Mária,Kela,Esmahan,Rajarajeswary,Biggi,Ydon,Nazenin,Rowda,Florika,Moona,Faye,Glenne,Shaza,Mayssoun,Fazia,Lyyli,Ghezal,Anna-Lisse,Linda-Maria,Kattak,Kaltuun,Arin,Zala,Roqaya,Hoden,Leisa,Frederique,Rime,Ghazwa,Tallulah,Andusa,Hero,Benjamat,Neamat,Warde,Suncica,Agnas,Laurita,Groa,Early,Nacera,Mia-Marie,Armela,Frøya,Sigrunn,Navina,Viggi,Tharani,Ellenmine,Milunka,Albena,Tavfinguaq,Lucile,Alisar,Aldora,Bac,Brigitt,Akemi,Latefa,Nira,Tayyeba,Mastora,Sheelagh,Jureeporn,Mansoor,Esranur,Inalunguaq,Nedaa,Rezarta,Magarethe,Kamaljit,Ruun,Else-Birgitte,Arusa,Safete,Eslem,Axelline,Wassan,Tagreed,Ratna,Fajer,Menta,Kammille,Afsar,Janin,Sarika,Uzmah,Chiu,Tessy,Rabiaa,Davin,Mirena,Kainaat,Elodie,Zuhour,Siila,Kauthar,Ose,Corine,Ziza,Negjmije,Khadiga,Lamom,Howaida,Samriang,Ingelill,Solav,Khaddouja,Maria-Magdalena,Iuliana,Maleeha,Helleborg,Latifah,Ann-Margaret,Chuan,Nandini,Wenyan,Karinmaria,Kaje,Sin,Knudline,Hadir,Jydda,Felicity,Merza,Nadiira,Tooba,Irit,Inela,Inge-May,Marid,Anna-Kristina,Selman,Banafsheh,Violanda,Wijdan,Janica,Firoza,Sissan,Sørline,Ari,Carlota,Gerdy,Rosane,Gudi,Bendta,Tota,Annibeth,Stefine,Sabeen,Tiffani,Danute,Helgard,Ikiuna,Jemila,Beatha,Ehssan,Gerdine,Sori,Semka,Ismihan,Thorla,Deise,Vona,Praphai,Mae,Hatla,Ionna,Nushin,Virve,Hasije,Zoila,Arnlaug,Britt-Louise,Lihua,Feden,Rungthip,Rethe,Keesha,Atifet,Evgeniya,Nune,Suwannee,Margurit,Inger-Lene,Seckin,Güllüzar,Micheli,Saghar,Vila,Mahak,Bergdis,Termine,Lusine,Aniisa,Kadiatou,Mathias,Michelina,Cenifer,Solja,Hermy,Sonam,Hubertine,Yasmiin,Eje,Sitara,Kerime,Lifka,Ingemette,Umal,Ajnet,Surinder,Nahren,Rohda,Khansa,Fetie,Paweena,Regna,Ekram,Waranya,Svanborg,Cordia,Nilgun,Cham,Vesela,Sham,Anna-Mia,Sharifo,Slawomira,Marcell,Hélène,Tuoi,Avril,Homira,Istaahil,Anne-Beate,Crisanta,Olafia,Arjana,Karrie,Nazneen,Clelia,Anne-Hedvig,Valina,Jenjira,Halah,Ulla-Marie,Jett,Kæthi,Athild,Anna-Brita,Melanny,Tuuta,Ruaa,Tina-Louise,Gerhardine,Jinge,Diar,Adian,Bertoline,Mayssa,Axla,Yella,Raju,Rassine,Edlin,Festina,Sigvør,Hildegardt,Aminnguaq,Doa,Ishwaq,Maisoon,Zilka,Annamari,Grethel,Miris,Ifat,Chamsa,Ida-Kristine,Peternille,Muddi,Yelena,Ewa-Maria,Fabiana,Yoo,Talli,Astrid-Helene,Jensemine,Hellevi,Sindie,Hurije,Jannice,Bentsine,Ariann,Jurga,Sidar,Ane-Sophie,Annalea,Merli,Badiah,Antoneta,Dilem,Mejreme,Yasotha,Bashair,Olgica,Rahmeh,Mubina,Deana,Nasibe,Newal,Gitana,Anna-Else,Zire,Mennana,Othillie,Blaga,Racheal,Walla,Pian,Osta,Mitti,Senja,Lejle,Fawsia,Masood,Melba,Ut,Berrith,Gullvi,Ilmur,Thana,Robinah,Sofie-Emilie,Frida-Marie,Emiliana,Zasha,Shobana,Vlada,Razika,Jagodinka,Helvine,Djurdja,Josee,Jeppebine,Kytte,Leema,Anna-Carin,Anne-Kathrin,Consolata,Anne-Camilla,Kristie,Nefer,Lirong,Lamya,Fatana,Sadete,Biliana,Taube,Katti,Bisan,Shafaq,Julie-Marie,Oumayma,Mürside,Kaouther,Amely,Ann-Bettina,Ratchada,Lilita,Gani,Ratchanok,Belkisa,Iulia,Hendrikje,Adea,Lizzen,Engelina,Dinaraq,Apannguaq,Busad,Nunni,Esi,Rosalyn,Parastoo,Mami,Ae,Lauritzine,Hikmeta,Fana,Ella-Marie,Zabine,Safin,Nisanur,Aki,Arnild,Ruhide,Larssine,Sigra,Mahik,Lista,Annmette,Erle,Rajitha,Karol,Semah,Vasanthamalar,Subajini,Karen-Grete,Anna-Klara,Tagrid,Annemieke,Gerarda,Kikke,Sahide,Zainb,Nakisa,Rokaya,Tanvir,Tibbe,Ranjini,Ann-Elisabeth,Marie-Lise,Duangnet,Maria-Isabel,Tevrat,Danah,Bosa,Shamiran,Roseanna,Kirsten-Inge,Nadije,Persia,Gülderen,Felomina,Lessie,Rabbia,Doth,Novi,Gona,Ann-Berith,Chintana,Elea,Servete,Eniko,Vár,Saamiya,Huldfred,Inatdliaq,Bana,Jhonna,Elynor,Longina,Zelije,Shela,Sepide,Cinne,Ratneswary,Ratana,Dika,Khatema,Hilla,Jeena,Xian,Ndeye,Laijla,Candie,Ingil,Dilani,Pia-Louise,Sherine,Hatemina,Anne-Catherine,Lifang,Soly,Olfat,Arnarigsok,Dikra,Keddy,Xiaoqing,Lauriette,Ramin,Allia,Ammalie,Irada,Zelis,Mersedeh,Kannikar,Dusina,Kiera,Shler,Gevher,Wijittra,Qiong,Analiza,Igra,Sailaja,Rosemaria,Eisa,Pandora,Farangis,Aisheh,Afi,Maritess,Bavani,Hadzija,Janya,Phailin,Kitora,Wiam,Rozanna,Maricar,Roghayeh,Wafa'a,Kistine,Sanh,Sulajma,Djenni,Ronni,Zejnep,Idalia,Sangeetha,Ane-Dorte,Fitnete,Nezihat,Thema,Kenia,Acelya,Malfridur,Anry,Rolande,Maria-Teresa,Sukrije,Lygia,Liscy,Risse,Tukuminguaq,Njomza,Karenn,Poppy,Haiying,Duda,Perrine,Midde,Jydde,Suhila,Arun,Vithusha,Bas,Ri,Ikraam,Julina,Minever,Kelsey,Isalina,Venesa,Ghitte,Niven,Yurub,Hallie,Anne-Margit,Pavinee,Gerna,Hanady,Maaliaaraq,Else-Cathrine,Stjerna,Saija,Rajmonda,Mettha,Chama,Ayoë,Allida,Julienne,Sigfride,Brigitha,Blandine,Nilgül,Aboline,Benjamine,Samuella,Gurlie,Nafiseh,Sherie,Drusella,Saeideh,Konstanze,Qadra,Aani,Mubin,Rubby,Pushpamalar,Ajny,Yossra,Lillibeth,Anuja,Memnun,Draguna,Isidra,Reihaneh,Cristy,Hildegerd,Maria-Pia,Morgane,Mio,Merwa,Sarojinidevi,Ory,Shahina,Oly,Alka,Theona,Myrtel,Rakhshanda,Laakki,Mualla,Sholeh,Tülün,Zila,Anna-Stina,Hüsna,Emma-Kathrine,Viktorovna,Banjong,Siman,Vicenta,Sivi,Soleyd,Tinke,Gutta,Ida-Lise,Mehria,Gurid,Miss,Damira,Souda,Lutfiye,Eliese,Mirtza,Ellice,Nassim,Robia,Shaida,Sameh,Benete,Cissy,Rasul,Nishanti,Anabelle,Callie,Qiajuk,Maryum,Tabinda,Mahjabeen,Kadri,Shawen,Anoma,Praveena,Ingvill,Siyamala,Genan,Dalva,Ifakat,Irmengard,Pattama,Aniseh,Nurie,Ida-Amalie,Dzedije,Ken,Anna-Clara,Ricke,Klaudi,Sebnem,Fraya,Aubrey,Parasakthy,Berty,Keltoum,Corintha,Golzar,Avike,Atefa,Ljumnije,Laannguaq,Aimen,Onanong,Kalliopi,Steluta,Mahwash,Rachela,Yuting,Inngeeraq,Feroza,Rujira,Hasima,Eva-Lena,Reyyan,Heelen,Robeena,Konstantia,Athil,Randie,Denita,Salmah,Ejvig,Vappu,Sophine,Djoan,Pornpimon,Thevaki,Zada,Malaka,Ya,Sjoukje,Vassiliki,Kadir,Kjeldmine,Priscella,Sumbal,Stefanija,Almar,Ayshe,Gudný,Celica,Akulo,Arvida,Sakeena,Sultanija,Varaporn,Thaly,Bobo,Saya,Ecem,Altine,Javanna,Nerissa,Mæry,Ayumi,Bay,Hyrije,Senida,Anahi,Marena,Tashia,Danina,Salar,Sadina,Sevka,Schanna,Aqela,Citha,Mahide,Zijadeta,Adelma,Ann-Kerstin,Maria-Louisa,Saveta,Yanzhen,Anne-Maja,Sussane,Karinliss,Arnbjørg,Herbjørg,Sumbel,Ashia,Adaline,Rosalil,Tobiasine,Marlice,Eeva-Liisa,Dhammika,Shanay,Magarete,Enja,Kunnak,Eivi,Gude,Adelheit,Edibe,Rokiya,Ramija,Samrina,Ullabella,Rung-Arun,Kathina,Bassema,Éva,Arosa,Hanade,Anne-Liss,Rahimeh,Ais,Asrin,Heline,Quoc,Rosangela,Kätchen,Tatianna,Rosaria,Randhi,Gravine,Käty,Sevleta,Titika,Kadijo,Lamiae,Madzide,Briddie,Ardis,Hager,Lis-Annette,Anemine,Samaher,Zhour,Clara-Emilie,Cher,Arleta,Geertje,Else-Merethe,Eliz,Stanusa,Shrouk,Eva-Charlotte,Mürvet,Satiye,Wela,Donka,Peder,Fedaa,Rete,Evamaria,Munera,Geetha,Reyna,Sugitha,Ky,Panita,Rooda,Raz,Julka,Kafi,Diman,Atia,Valiantsina,Yuqing,Angajo,Adalbjørg,Samire,Mama,Ailin,Cati,Gisa,Sarwa,Nedzada,Fanta,Larsetty,Asrah,Suss,Kazue,Lies,Yadikar,Trylle,Haweya,Faiqa,Panadda,Ukaline,Meili,Ivone,Faida,Katja-Louise,Amida,Dessy,Mahdia,Jannica,Ludwiga,Analyn,Vilhelda,Anne-Dorrit,Senaa,Baharak,Cvijeta,Djevrije,Mageda,Eva-Christina,Salia,Khaldie,Vibke,Joke,Zaga,Soili,Osla,Shaina,Marije,Dolli,Chloë,Ozma,Gaiane,Evija,Iani,Ingermine,Dibora,Tilbe,Remona,Mikica,Altaf,Nomeda,Jolande,Mahdis,Stevka,Jirawan,Yau,Flore,Molouk,Fong,Nathascha,Thavamalar,Kingdao,Jensen,Marsilie,Bauny,Mirljinda,Perizan,Isil,Liebe,Raafat,Anne-Gerd,Madena,Ljubov,Lydi,Ifraah,Renja,Tienna,Jørgna,Emma-Maria,Charoline,Jürgine,Orathai,Clauda,Sünje,Laxmi,Ase,Holia,Ætna,Kwanjai,Rasma,Jinin,Vinothini,Nukakuluk,Mallie,Stefica,Seymanur,Aaninnguaq,Canja,Vjolca,Merka,Annmaria,Adilje,Tera,Babra,Maslinka,Güngør,Yuwei,Pashtana,Ivelina,Raghed,Maryon,Borbala,Dibbo,Nilo,Solvår,Hadda,Monavar,Meron,Liten,Nuura,Fatmana,Wietske,Saengchan,Chanpen,Djana,Hagny,Annalina,Annamary,Drilona,Cari,Süeda,Beryll,Nibal,Lucrecia,Doria,Maysoun,Hildora,Visitacion,Caroline-Amalie,Antesar,Héléne,Wika,Erdmudt,Nadiia,Hasnaa,Sørensen,Erlis,Roua,Najieh,Lonneke,Este,Vibeche,Reny,Zarmeena,Avijâja,Eva-Britt,Hajan,Nunu,Mysse,Jacquelina,Simah,Muzhda,Puvaneswary,Mylia,Melizza,Pailin,Esmira,Elvilde,Premalatha,Rezzan,Annakirstine,Faranaz,Annedore,Madalina,Ajser,Khadidja,Evodie,Nishanthini,Maichen,Ahf,Robertine,Shena,Ann-Stina,Ozden,Minyi,Lindie,Yusur,Dyva,Júlia,Madona,Bashaer,Ramsha,Ermegaard,Jawaahir,Asmik,Edia,Skyldfrid,Genny,Achwak,Azari,Kivie,Leta,Gréta,Georga,Lennore,Ndey,Bayram,Pina,Sahre,Wajma,Rianna,Bobbie,Estefania,Aio,Claudie,Elisha,Vanya,Aiat,Annejette,Naheeda,Ingried,Nubia,Cheline,Gayathiri,Maaja,Bilquis,Gnanamalar,Nuor,Nava,Ingvil,Annemine,Lelly,Ulfeta,Syzett,Marife,Ebbeline,Meritxell,Sehra,Swantje,Elvana,Shida,Zhara,Anne-Ruth,Godelieve,Hanne-Charlotte,Louise-Marie,Ardijana,Amalianguak,Kungo,Mahabad,Xiong,Massy,Mahek,Nusara,Mania,Ljeonora,Akgül,Gaya,Fakhara,Laki,Katriina,Larzetty,Carline,Zarka,Inge-Elise,Victorine,Lukas,Salva,Hikmete,Avelina,Anne-Dorethe,Cerina,Lillianne,Kinni,Pensri,Dawlat,Belmina,Maisie,Elsbe,Sevlija,Sylke,Esperance,Jórunn,Jeta,Aniki,Suusaat,Magaret,Ludwina,Stine-Marie,Delvin,Talitta,Eloïse,Atalie,Hannaa,Tomiko,Katerine,Kifaya,Bernardita,Ramphoei,Imrane,Lanna,Nancie,Kjellrun,Martje,Annanie,Florentyna,Asmar,Deni,Sølvira,Evalda,Mikkaline,Hongmei,Nurdagül,Margarite,Magdalina,Margy,Cristiane,Adzer,Mariame,Sendi,Nasren,Syss,Thanaa,Mata,Tuja,Semen,An-Mari,Alevtina,Abira,Jelka,Deolinda,Amen,Hardeep,Wasila,Sette,Jesica,Den,Olivija,Cilly,Chunyan,Arfa,Winta,Biathe,Eling,Secibe,Ann-Jean,Rafaella,Aram,Feliksa,Aggis,Momena,Zejnepe,Najakkuluk,Umaima,Nang,Neira,Liszie,Tanny,Zahie,Diann,Kumari,Samman,Gregoria,Aysheh,Salie,Malali,Jesika,Synje,Petimat,Sher,Oddveig,Lenett,Jasvir,Neama,Floriana,Fatmi,Kisia,Mare,Ione,Emra,Jawhara,Roxane,Wiktorya,Erine,Zanni,Gurdeep,Sysette,Sainabou,Chalaem,Helle-Marie,Svendsine,Benedickte,Ibet,Zar,Hayet,Neelab,Gurlil,Ge,Dorthinnguaq,Beritan,Vianne,Faride,Swee,Tannia,Resham,Beke,Siine,Puneh,Lisanette,Begija,Nadjija,Remzie,Nagla,Qudsia,Friederika,Mehrnoosh,Islim,Limin,Bint,Hildegun,Madlen,Xiaomei,Kasthuri,Imme,Øzden,Zareen,Aurélie,Gulnara,Maymun,Rkia,Maribeth,Javairia,Blume,Sohair,Sofianguaq,Margueritte,Gylda,Oliwia,Chanita,Ilirjana,Kaalannguaq,Penina,Jeeva,Dyana,Grethe-Lise,Amilie,Laylo,Zeb,Thamilini,Jittra,Senaida,Surat,Erona,Anline,Marieta,Josse,Chafika,Walentina,Badar,Spojmai,Fina,Warna,Mayken,Irum,Pixie,Begard,Floor,Jannah,Pedernille,Tutlik,Kætchen,Reema,Hjordis,Neemat,Rehan,Heidi-Marie,Ragnfrid,Ewe,Nedzmie,Akissi,Gullmai,Sureerat,Saloumeh,Mireya,Zippora,Heela,Eva-Lisa,Whitney,Zuhur,Berthy,Columbine,Kamelia,Inger-Dorthe,Nasiba,Sirwa,Sadzida,Hannegrete,Xiaoyu,Wid,Weris,Leora,Raeda,Aalia,Farwa,Nozha,Lamyaa,Rosamarie,Chinar,Marjane,Sybilla,Lehne,Ichrak,Pushpalatha,Tharshini,Nadjia,Selamawit,Dasha,Maame,Silvie,Harriette,Rode,Yna,Ahu,Ammara,Dornonville,Norhan,Yosma,Woroud,Gehan,Hadieh,Elektra,Khulud,Sista,Blinera,Phornthip,Gøsta,Stacia,Dorine,Hayrunnisa,Rozalie,Nafissa,Promila,Nadege,Mula,Inger-Grete,Sufia,Ouarda,Nedzmija,Jua,Alf,Bjarma,Anchana,Isalena,Mihoko,Lill-Ann,Janaina,Bertaline,Gofran,Mandie,Margerita,Maniza,Actonia,Mervi,Naval,Ramajana,Bergith,Ramlo,Annestine,Gayatri,Saijai,Faina,Lorina,Sadi,Bernadett,Howra,Tsega,Lenina,Ágnes,Kalaichelvi,Nelda,Patti,Mamoona,Amr,Emaly,Maja-Marie,Fardows,Taya,Manita,Suh,Maretha,Jorn,Duzine,Zartashia,Khadeja,Marianela,Mahvish,Behjat,Btissam,Elspa,Yonne,Vasilica,Nadifa,Yordanka,Sirinya,Piyada,Taija,Ebrar,Mashael,Karen-Kathrine,Ferdinande,Anitte,Hanija,Visnja,Laurentzia,Solvor,Shokofeh,Hidajete,Lagertha,Bodil-Marie,Esmy,You,Nong,Sergül,Hoodo,Kashmala,Ayia,Guo,Stefanja,Anngrethe,Nieves,Devrim,Drissia,Mervenur,Kadja,Anso,Marjon,Marziyeh,Fabrina,Sigfridur,Helai,Emona,Jania,Wafia,Maleka,Liiza,Miiannguaq,Cemre,Liberty,Malli,Farimah,Aninguak,Fedzide,Rushna,Rohneburg,Susane,Putu,Sarah-Ann,Avaaraq,Santina,Kitzi,Anne-Li,Vibber,Nahideh,Saddia,Shelan,Arunthathy,Setsuko,Emilla,Agota,Machiko,Gülüsan,Joni,Thanaluxmy,Vigneswary,Dinara,Somkiat,Fritzie,Adeeba,Ümit,Liffa,Tove-Lise,Mushtaaq,Dinni,Danni,Zeline,Noella,Kiet,Rovena,Prudence,Zenita,Alema,Awin,Orn-Anong,Vinne,Boushra,Anosha,Haura,Ricarda,Nikia,Arnaluak,Arnoldine,Montana,Gwyneth,Ketta,Ida-Emilie,Rene'e,Sahza,Divina,Trajanka,Richarda,Sugirtha,Mike,Varinka,Kairi,Daljit,Ellen-Maria,Auxiliadora,Rawi,Klarissa,Pelene,Karin-Elisabeth,Manguaq,Nitalia,Maqbool,Towe,Lacramioara,Basira,Zenib
