MÃ¼ller,35554
Meier,23066
Schmid,20577
Keller,15800
Weber,14328
Huber,12718
Schneider,12606
Meyer,12244
Steiner,10982
Fischer,10144
Gerber,9908
Brunner,9810
Baumann,9630
Frei,9455
Zimmermann,9346
Moser,9071
Widmer,9014
Wyss,8583
Graf,8413
Roth,7813
Baumgartner,7813
bachmann,7813
Suter,7813
Kaufmann,7813
Buhler,7813
Kunz,7813
studer,7813
Bucher,7813
Luthi,7813
Berger,7813
Hofer,7813
Marti,7813
Lehmann,7813
Christen,7813
Frey,7813
Koch,7813
Arnold,7813
Egli,7813
Wuthrich,7813
Pfister,7813
Schweizer,7813
Zurcher,7813
Stalder,7813
Fuchs,7813
kohler,7813
Wenger,7813
Peter,7813
maurer,7813
Gasser,7813
Koller,7813
Bieri,7813
Furrer,7813
burri,7813
Ruegg,7813
Leuenberger,7813
Egger,7813
Hofmann,7813
Ammann,7813
Hess,7813
michel,7813
Hug,7813
Hunziker,7813
Tanner,7813
Kalin,7813
Hauser,7813
sutter,7813
Vogel,7813
Gisler,7813
Schar,7813
blaser,7813
Schuler,7813
Fluckiger,7813
Wagner,7813
Martin,7813
Hartmann,7813
Siegenthaler,7813
Senn,7813
Hasler,7813
Fankhauser,7813
Lang,7813
Scherrer,7813
Zbinden,7813
Stucki,7813
Vogt,7813
kuhn,7813
Kung,7813
Favre,7813
Zaugg,7813
Schwarz,7813
Scheidegger,7813
Odermatt,7813
imhof,7813
Sommer,7813
Brugger,7813
Portmann,7813
Schmidt,7813
Jaggi,7813
Liechti,7813
Scharer,7813
Seiler,7813
