Novák,70504
Svoboda,52088
Novotný,49962
Dvořák,46099
Černý,36743
Procházka,33274
Kučera,31286
Veselý,26481
Horák,25174
Němec,22795
Marek,22548
Pokorný,22203
Pospíšil,22189
Hájek,21276
Jelínek,20733
Král,20510
Růžička,19846
Beneš,19600
Fiala,19121
Sedláček,18484
Obec,5000
Mesto,5000
Novakova,5000
Markova,5000
Kralova,5000
Cerny,5000
Cerna,5000
Kolar,5000
Nemec,5000
Svoboda,5000
Novotny,5000
Kucera,5000
Kolarova,5000
Marek,5000
Benesova,5000
Kratochvil,5000
Kriz,5000
Mares,5000
Horakova,5000
Horak,5000
Nemcova,5000
Jelinek,5000
Maly,5000
Fiala,5000
Krejci,5000
Pospisilova,5000
Vesely,5000
Hajkova,5000
Pospisil,5000
Ruzickova,5000
Blaha,5000
Sedlackova,5000
Benes,5000
Musil,5000
Vankova,5000
Dolezal,5000
Mala,5000
Vesela,5000
Krizova,5000
Dolezalova,5000
Fialova,5000
Liska,5000
Tuma,5000
Stankova,5000
Tichy,5000
Machova,5000
Cermak,5000
Mullerova,5000
Kovarova,5000
Kratochvilova,5000
Masek,5000
Simek,5000
Vavra,5000
Pokorny,5000
Sedlacek,5000
Hruby,5000
Kopecka,5000
Maskova,5000
Kovar,5000
Vacek,5000
Maresova,5000
Havlicek,5000
Vavrova,5000
Hruska,5000
Blazek,5000
Barta,5000
Nemecek,5000
Bures,5000
Vanek,5000
Toman,5000
Bartos,5000
Musilova,5000
Liskova,5000
Kovarik,5000
Matejka,5000
Muller,5000
Petr,5000
Kaspar,5000
Kadlec,5000
Soukupova,5000
Broz,5000
Restaurace,5000
Bednar,5000
Soukup,5000
Fiser,5000
Cechova,5000
Cech,5000
Polakova,5000