Francesco,4054
Alessandro,2727
Lorenzo,2619
Andrea,2464
Leonardo,2389
Mattia,2387
Matteo,2261
Gabriele,2184
Riccardo,1782
Tommaso,1764
Davide,1500
Giuseppe,1419
Antonio,1324
Federico,1295
Edoardo,1293
Marco,1225
Samuele,1216
Diego,1179
Giovanni,1170
Luca,1143
Christian,1142
Pietro,1077
Simone,1045
Nicolo',1014
Filippo,964
Alessio,959
Gabriel,918
Michele,874
Emanuele,858
Jacopo,753
Daniele,737
Cristian,691
Giacomo,676
Vincenzo,668
Salvatore,652
Manuel,603
Gioele,600
Thomas,567
Stefano,558
Giulio,540
Samuel,535
Nicola,521
Giorgio,511
Luigi,501
Daniel,484
Elia,451
Angelo,426
Domenico,420
Paolo,410
Raffaele,394
Mario,386
Adam,374
Flavio,357
Alberto,353
Alex,343
Kevin,342
Valerio,339
Niccolo',339
Nicolas,325
Carlo,307
Nicholas,303
Enrico,266
Fabio,259
Ettore,258
Enea,251
Pasquale,247
Massimo,244
Roberto,230
Mirko,228
Sebastiano,224
Dario,222
Rayan,222
David,217
Vittorio,215
Damiano,197
Nathan,196
Sebastian,185
Francesco Pio,177
Michael,175
Antonino,165
Carmine,160
Gianluca,156
Youssef,150
Gaetano,146
Ivan,146
Noah,144
Claudio,143
Ciro,142
Omar,141
Ludovico,138
Cristiano,136
Cesare,134
Martino,134
Gennaro,133
Bryan,132
Liam,132
Mohamed,131
Santiago,129
Achille,120
Amir,120
Rocco,118
Gregorio,117
Loris,117
Emanuel,114
Valentino,112
Adriano,108
Giosue',99
Brando,97
Fabrizio,96
Alexander,94
Ryan,94
Bruno,93
Sergio,92
Gianmarco,92
Mathias,91
Rosario,91
Vito,91
Cosimo,90
Michelangelo,85
Giordano,83
Martin,80
William,80
Dylan,79
Massimiliano,78
Thiago,78
Aaron,77
Denis,77
Leo,76
Umberto,75
Jonathan,74
Anthony,73
Francesco Maria,73
Aron,71
Leone,70
Joele,69
Tiziano,69
Alfonso,67
Elias,67
Emmanuel,67
Marcello,66
Erik,65
Zeno,65
Danilo,64
Lucas,63
Anas,62
Gerardo,61
Carmelo,60
Leon,57
Dennis,57
Ethan,57
Mauro,57
Emiliano,56
Guido,56
Luciano,56
Lapo,55
Mirco,55
Biagio,52
Christopher,52
Leandro,52
Zakaria,52
Alfredo,51
Luis,51
Alexandru,51
Oliver,50
Nizar,50
Jason,49
Saverio,49
Kristian,48
Maurizio,48
Joel,48
Romeo,48
Ahmed,47
Karim,46
Brian,46
Aldo,45
Ilyas,45
Alan,45
Bilal,44
Dante,44
Lucio,44
Renato,44
Saad,44
Agostino,44
Matias,43
Patrick,43
Yahya,43
Eric,42
Felice,42
Joshua,42
Emilio,42
Oscar,42
Ruben,42
Ferdinando,42
Walid,42
Guglielmo,41
Ali,41
Matthias,41
Tobia,41
Eugenio,40
Yassin,40