Garcia,744000
Fernandez,503000
Lopez,451000
Martinez,433000
Gonzalez,433000
Rodriguez,432000
Sanchez,405000
Perez,404000
Martin,247000
Gomez,232000
Ruiz,186000
Diaz,171000
Hernandez,160000
Alvarez,159000
Jimenez,154000
Moreno,144000
Munoz,123000
Alonso,115000
Romero,97000
Navarro,90000
Gutierrez,89000
Torres,76000
Dominguez,74000
Gil,72000
Vazquez,72000
Blanco,70000
Serrano,69000
Ramos,66000
Castro,61000
Suarez,60000
Sanz,59000
Rubio,56000
Ortega,56000
Molina,55000
Delgado,54000
Ortiz,53000
Morales,53000
Ramirez,52000
Marin,47000
Iglesias,46000
Santos,44000
Castillo,43000
Garrido,42000
Calvo,42000
Pena,42000
Cruz,42000
Cano,41000
Nunez,40000
Prieto,40000
Diez,40000
Lozano,39000
Vidal,39000
Pascual,37000
Ferrer,37000
Medina,36000
Vega,36000
Leon,36000
Herrero,35000
Vicente,34000
Mendez,33000
Guerrero,33000
Fuentes,32000
Campos,32000
Nieto,32000
Cortes,31000
Caballero,30000
Ibanez,30000
Lorenzo,29000
Pastor,29000
Gimenez,29000
Saez,29000
Soler,28000
Marquez,28000
Carrasco,28000
Herrera,28000
Montero,27000
Arias,27000
Crespo,27000
Flores,27000
Andres,27000
Aguilar,26000
Hidalgo,26000
Cabrera,26000
Mora,26000
Duran,26000
Velasco,25000
Rey,24000
Pardo,24000
Roman,24000
Vila,24000
Bravo,24000
Merino,23000
Moya,23000
Soto,22000
Izquierdo,22000
Reyes,22000
Redondo,22000
Marcos,22000
Carmona,22000
Menendez,22000
