MARTIN,228857
BERNARD,120573
THOMAS,108141
PETIT,105463
ROBERT,102950
RICHARD,99920
DURAND,99614
DUBOIS,98951
MOREAU,94261
LAURENT,88803
SIMON,87941
MICHEL,85489
LEFEBVRE,82522
LEROY,79204
ROUX,69685
DAVID,69212
BERTRAND,66763
MOREL,66417
FOURNIER,65758
GIRARD,64031
BONNET,63085
DUPONT,63035
LAMBERT,63026
FONTAINE,62869
ROUSSEAU,62193
VINCENT,60751
MULLER,58811
LEFEVRE,58158
FAURE,58097
ANDRE,57349
MERCIER,57294
BLANC,57127
GUERIN,56839
BOYER,56246
GARNIER,56244
CHEVALIER,54468
FRANCOIS,54107
LEGRAND,53523
GAUTHIER,53168
GARCIA,52739
PERRIN,51818
ROBIN,51038
CLEMENT,50448
MORIN,49974
NICOLAS,49022
HENRY,48972
ROUSSEL,48889
MATHIEU,48764
GAUTIER,48304
MASSON,48076
MARCHAND,46626
DUVAL,46424
DENIS,45022
DUMONT,44623
MARIE,44490
LEMAIRE,44357
NOEL,44245
MEYER,43485
DUFOUR,43324
MEUNIER,43171
BRUN,42126
BLANCHARD,42062
GIRAUD,41518
JOLY,41250
RIVIERE,41202
LUCAS,41133
BRUNET,41008  
GAILLARD,40816
BARBIER,40258
ARNAUD,40132
MARTINEZ,40086
GERARD,39969
ROCHE,39242
RENARD,38621
SCHMITT,38608
ROY,38246
LEROUX,38068
COLIN,37704
VIDAL,37637
CARON,37494
PICARD,37404
ROGER,37125
FABRE,36949
AUBERT,36028
LEMOINE,35486
RENAUD,34908
DUMAS,34517
LACROIX,34214
OLIVIER,33975
PHILIPPE,33410
BOURGEOIS,33394
PIERRE,33120
BENOIT,32950
REY,32831
LECLERC,32667
PAYET,32538
ROLLAND,31990
LECLERCQ,31928
GUILLAUME,31880
LECOMTE,31875
LOPEZ,31156
JEAN,31112
DUPUY,30939
GUILLOT,30471
HUBERT,30453
BERGER,30396
CARPENTIER,30104
SANCHEZ,30005
DUPUIS,29648
MOULIN,29627
LOUIS,29426
DESCHAMPS,28962
HUET,28552
VASSEUR,28408
PEREZ,28022
BOUCHER,27883
FLEURY,27625
ROYER,27460
KLEIN,27410
JACQUET,27372
ADAM,27304
PARIS,27293
POIRIER,27225
MARTY,27084
AUBRY,26993
GUYOT,26949
CARRE,26932
CHARLES,26771
RENAULT,26761
CHARPENTIER,26641
MENARD,26611
MAILLARD,26569
BARON,26512
BERTIN,26360  
BAILLY,26189
HERVE,26123
SCHNEIDER,25977
FERNANDEZ,25839
LE GALL,25358
COLLET,25292
LEGER,25246
BOUVIER,25170
JULIEN,24904
PREVOST,24689
MILLET,24521
PERROT,24316
DANIEL,24299
LE ROUX,24212
COUSIN,24061
GERMAIN,24029
BRETON,23809
BESSON,23611
LANGLOIS,23583
REMY,23493
LE GOFF,23381
PELLETIER,23361
LEVEQUE,23321
PERRIER,23083
LEBLANC,23048
BARRE,23006
LEBRUN,22865
MARCHAL,22793
WEBER,22718
MALLET,22426
HAMON,22395
BOULANGER,22271
JACOB,22262
MONNIER,22158
MICHAUD,22110
RODRIGUEZ,22095
GUICHARD,22034
GILLET,21897
ETIENNE,21832
GRONDIN,21711
POULAIN,21693
TESSIER,21580
CHEVALLIER,21421
COLLIN,21416
CHAUVIN,21397
DA SILVA,21348
BOUCHET,21331
GAY,21284
LEMAITRE,21154
BENARD,21094
MARECHAL,20928
HUMBERT,20706
REYNAUD,20517
ANTOINE,20511
HOARAU,20459
PERRET,20360
BARTHELEMY,19991
CORDIER,19821
PICHON,19808
LEJEUNE,19719
GILBERT,19684
LAMY,19675
DELAUNAY,19604
PASQUIER,19594
CARLIER,19556
LAPORTE,19507
GROS,19427
BUISSON,19358
OLLIVIER,19340
BRIAND,19334
ALEXANDRE,19073
GEORGES,19067
GUILLOU,19028
BESNARD,18994
LEGROS,18941
GONZALEZ,18927
COULON,18880
MAILLOT,18872
ALBERT,18662
CAMUS,18610
DELATTRE,18565
LAUNAY,18494
HEBERT,18457
LESAGE,18409
BLANCHET,18361
DIDIER,18352
VOISIN,18314
PONS,18284
BOUSQUET,18262
COSTE,18192
VALLEE,18185
JACQUES,18142
MARTEL,18102
MAURY,18086
RAYNAUD,18065
BARBE,18061
PASCAL,18040
BIGOT,18030
VERDIER,18020
CHARRIER,17920
SAUVAGE,17888
GUILLET,17867
MAHE,17774
LEDUC,17749
LELIEVRE,17568
GREGOIRE,17501
JOUBERT,17490
MASSE,17476
DELMAS,17457
MORVAN,17353
LEBRETON,17332
TANGUY,17308
PINEAU,17277
LEBON,17239
GAUDIN,17193
COLAS,17127
IMBERT,17087
PAUL,17068
RAYMOND,16967
GUILLON,16927
BRUNEL,16906
REGNIER,16755
FERRAND,16750
HARDY,16660
DEVAUX,16636
COURTOIS,16605
BODIN,16532
CHAUVET,16479
ALLARD,16470
BLONDEL,16451
LAINE,16403
DELORME,16402
SEGUIN,16396
LENOIR,16333
BERTHELOT,16314
BONNEAU,16313
PEREIRA,16305
THIBAULT,16264
LACOMBE,16262
RIOU,16206
LAGARDE,16197
CLERC,16190
BRUNEAU,16062
GODARD,16041
VAILLANT,16037
COUTURIER,16037
GOMEZ,16035
JOURDAN,15958
PAGES,15922
VALENTIN,15917
LOMBARD,15845
MARY,15843
BLIN,15835
TEXIER,15764
ROSSI,15742
MARION,15694
ALLAIN,15690
GUILBERT,15662
MAURICE,15662
BAUDRY,15650
DUPRE,15647
MARIN,15640
EVRARD,15555
HOAREAU,15537
TURPIN,15534
BOURDON,15529
LEFORT,15354
LEGENDRE,15352
CHARTIER,15332
GILLES,15283
LACOSTE,15281
LOISEAU,15176
DUHAMEL,15132
LAROCHE,15114
FERREIRA,15092
ROUSSET,15084
TOUSSAINT,14958
WAGNER,14811
FISCHER,14799
NORMAND,14790
MAILLET,14722
GUIBERT,14592
LABBE,14592
BAZIN,14535
ROCHER,14522
BONNIN,14490
MERLE,14477
JACQUOT,14473
GRENIER,14448
VALETTE,14403
LECONTE,14383
PELTIER,14356
PRUVOST,14335
AUGER,14250
VALLET,14196
POTTIER,14165
DESCAMPS,14076
PARENT,14074
BOUTIN,14067
POTIER,14017
CHAUVEAU,13921
MARTINEAU,13882
HERNANDEZ,13841
NEVEU,13825
PERON,13823
DELAHAYE,13813
VIAL,13781
BLOT,13690
DELAGE,13582
LEMONNIER,13579
PETITJEAN,13502
MAURIN,13489
RODRIGUES,13476
CROS,13430
LAFON,13412
FAIVRE,13389
CHRETIEN,13350
FOUQUET,13314
SERRE,13310
FAVRE,13302
BECKER,13292
FOUCHER,13283
GUYON,13259
JOSEPH,13252
MACE,13230
DOS SANTOS,13169
GALLET,13120
CHARBONNIER,13117
BOUVET,13113
SALMON,13098
LE CORRE,13080
FERNANDES,13068
BERNIER,13034
ROSSIGNOL,13017
DELANNOY,12853
LEVY,12840
PRIGENT,12814
LECOQ,12746
THIERRY,12714
CORNU,12694
GIRAULT,12681
JOURDAIN,12660
BEGUE,12628
ANDRIEU,12607
MAUREL,12589
RUIZ,12588
PARMENTIER,12550
GUY,12522
LABORDE,12501
GRAS,12482
GONCALVES,12446
CASTEL,12437
GERVAIS,12430
BOULAY,12423
CHAPUIS,12394
SAMSON,12384
DUCLOS,12344
DIJOUX,12339
CHAMBON,12326
STEPHAN,12301
SABATIER,12293
PONCET,12243
BESSE,12228
WEISS,12222
DOUCET,12197
BONHOMME,12192
HAMEL,12167
BERTHIER,12141
LETELLIER,12107
PREVOT,12085
GRAND,12038
GRANDJEAN,12013
BENOIST,11990
LEBLOND,11961
GOSSELIN,11958
LELEU,11947
COMTE,11939
FAVIER,11925
BELLANGER,11923
MARTINET,11892
BILLARD,11876
RAULT,11814
GEOFFROY,11796
FORESTIER,11781
BLONDEAU,11775
ROQUES,11771
RICARD,11768
POMMIER,11756
BOULET,11755
DROUET,11754
POISSON,11747
MAIRE,11650
MOUNIER,11612
GUEGUEN,11535
COMBES,11509
HUGUET,11501
MORAND,11472
LEONARD,11469
LEDOUX,11437
PRAT,11431
DUBREUIL,11408
FORTIN,11407
FERRE,11389
RIGAUD,11387
BROSSARD,11385
PICOT,11383
GRANGER,11329
MERLIN,11308
LAVAL,11305
CLAUDE,11212
MARQUET,11209
MOUTON,11193
BRAULT,11191
JEANNE,11190
MARC,11175
LEVASSEUR,11147
LE ROY,11143
GUILLEMIN,11133
BOCQUET,11132
CONSTANT,11127
PUJOL,11117
LAVIGNE,11110
BAUER,11062
HOFFMANN,11038
CHATELAIN,11034
LACOUR,10993
JUNG,10985
JAMET,10944
LALLEMAND,10919
WALTER,10896
BASSET,10895
PROVOST,10891
SALAUN,10884
TELLIER,10874
GIBERT,10873
MARTINS,10854
ROSE,10822
NAVARRO,10813
GRANGE,10804
LEPAGE,10802
BOUQUET,10799
KELLER,10777
TECHER,10752
JOLLY,10741
TOURNIER,10735
GUILLARD,10734
PAPIN,10733
BATAILLE,10729
LELONG,10674
CARTIER,10667
LEON,10660
CHAMPION,10584
DUJARDIN,10582
DUMOULIN,10554
LASSERRE,10507
FLAMENT,10505
HUSSON,10501
SCHMIDT,10495
LE BIHAN,10445
KIEFFER,10440
MILLOT,10437
LE GUEN,10434
FERRY,10424
BOURDIN,10419
MANGIN,10382
GICQUEL,10379
CADET,10350
SOULIER,10341
MIGNOT,10303
BARRET,10302
BUREAU,10293
LERAY,10287
FORT,10276
BARREAU,10275
MAS,10257
LAFONT,10238
BOUCHARD,10237
JOLIVET,10220
SAVARY,10183
FOULON,10154
GUILLEMOT,10115
COSTA,10092
ARMAND,10088
BLAISE,10073
BINET,10049
MONTAGNE,10037
JULLIEN,10032
BERARD,10030
VACHER,10011
SAUNIER,10005
DUPIN,9967
THIEBAUT,9960
SCHWARTZ,9909
FELIX,9893
SELLIER,9890
LAGRANGE,9886
LEFRANCOIS,9879
ANDRIEUX,9869
LALANNE,9865
BERTHET,9857
PAYEN,9831
LAVERGNE,9794
JOUAN,9792
CORNET,9791
COMBE,9788
LANG,9780
POULET,9765
GRANIER,9760
ZIMMERMANN,9745
LEBEAU,9714
BAYLE,9697
VIGNERON,9692
TERRIER,9682
BON,9677
LECOCQ,9668
ESNAULT,9667
BORDES,9658
SARRAZIN,9642
LE BORGNE,9635
JOUVE,9633
LAURET,9631
LE FLOCH,9630
GODEFROY,9620
PRIEUR,9620
LEMARCHAND,9611
VERNET,9606
VIVIER,9603
AUBIN,9601
FAUCHER,9592
DUCROCQ,9586
DORE,9566
LAMOTTE,9552
THIERY,9550
JACQUEMIN,9543
ARNOULD,9540
BASTIEN,9530
THERY,9503
COUDERC,9488
DUCHENE,9455
QUERE,9441
CHEVRIER,9435
COCHET,9432
VILLARD,9368
CORRE,9367
PROST,9359
BOIS,9354
MAGNIER,9323
MONIER,9297
GROSJEAN,9285
TARDY,9266
GIMENEZ,9241
CAILLAUD,9238
GUIGNARD,9215
LEFRANC,9202
BEAUMONT,9193
LE BERRE,9192
TISSIER,9178
ROUXEL,9178
BONNARD,9161
LE GAL,9094
SERGENT,9081
CREPIN,9061
LESUEUR,9056
MARQUES,9046
ROTH,9045
WOLFF,9005
LABAT,8987
BONIN,8981
THEBAULT,8980
LECUYER,8978
ABADIE,8975
PASQUET,8972
JARRY,8968
SALLES,8966
LEFEUVRE,8952
DURET,8931
LE BRIS,8913
BONNEFOY,8891
TAVERNIER,8890
GUEGAN,8878
FOREST,8839
DA COSTA,8819
JOSSE,8814
RAGOT,8811
RIGAL,8808
POLLET,8808
CHOLLET,8807
VILLAIN,8798
GOUJON,8797
BOUTET,8792
CARDON,8786
GRIMAUD,8778
BEAUFILS,8746
DERRIEN,8737
MONNET,8733
OGER,8723
LOPES,8714
BAUDIN,8709
BAUDET,8706
AVRIL,8693
BOUDET,8693
HUE,8689
DESHAYES,8688
BROCHARD,8669
MAITRE,8656
BOUCHE,8656
COHEN,8649
CARRERE,8635
GODIN,8629
MORICE,8628
SICARD,8598
PIERRON,8588
BOIVIN,8585
TISSOT,8585
BECK,8570
LASSALLE,8550
VANNIER,8544
BOURGUIGNON,8536
BAUDOUIN,8535
RIO,8534
PORTE,8533
GODET,8530
PAIN,8529
CHABERT,8524
MAGNE,8523
BELIN,8502
MICHON,8500
DELAPORTE,8495
ARNOUX,8489
PELISSIER,8471
PIQUET,8465
BERTON,8442
LEPRETRE,8436
BOISSON,8432
GUITTON,8423
BAILLEUL,8407
FOUCAULT,8380
MORENO,8368
PARISOT,8361
MONTEIL,8341
LE BRAS,8331
LECLERE,8297
SALOMON,8295
THUILLIER,8283
PROUST,8276
LE MEUR,8275
GEORGE,8272
PEPIN,8267
RAYNAL,8257
RAMBAUD,8249
GUIRAUD,8231
JACQUIN,8224
GALLAND,8209
RIVET,8203
VIGIER,8181
FROMENT,8181
SIMONET,8180
POUGET,8180
BARRIERE,8179
LAPEYRE,8157
BOREL,8150
THEVENIN,8123
BAUD,8114
ROLAND,8107
MOINE,8095
CARRIERE,8088
MARAIS,8084
SAULNIER,8078
ASTIER,8073
COUDERT,8068
DIAZ,8055
LOUVET,8049
GUILBAUD,8030
PINEL,8028
PUECH,8010
GONTHIER,8006
GILLOT,7989
TISSERAND,7980
BOURGOIN,7974
MAUGER,7957
MUNIER,7955
THEVENET,7952
GOMES,7945
COURTIN,7935
PERRON,7928
PAQUET,7923
RENOU,7895
BONTEMPS,7893
BLANDIN,7889
GAUBERT,7882
CHARLOT,7870
JAN,7867
SENECHAL,7861
RIBEIRO,7855
PELLERIN,7840
GEFFROY,7838
CAILLET,7835
BILLON,7830
ROUGIER,7821
DUBOURG,7817
GABRIEL,7806
RONDEAU,7800
LEBAS,7779
VILLENEUVE,7778
GARREAU,7776
FAYOLLE,7772
VARIN,7769
DUPRAT,7767
JAOUEN,7767
ALIX,7762
BISSON,7751
VERGER,7738
MAYER,7727
ROMAIN,7722
CLAIN,7714
BAUDOIN,7714
DEJEAN,7705
DUCHEMIN,7698
TISON,7696
CHATEAU,7686
CHOPIN,7675
PICHARD,7668
DUCHESNE,7666
FERRIER,7652
VERRIER,7637
MARTEAU,7636
HAMELIN,7630
CHARLET,7629
DIOT,7624
DUBOS,7599
BOISSEAU,7593
CHABOT,7591
LAPIERRE,7587
FOURCADE,7586
NICOLLE,7580
BRIERE,7576
SIMONIN,7570
COSTES,7560
DUPOUY,7555
BRUNO,7543
BABIN,7531
BERTHE,7530
BUREL,7530
CHIRON,7518
CAPELLE,7498
AUVRAY,7495
VIAUD,7490
ALVES,7487
LANDAIS,7483
TEYSSIER,7449
FERRARI,7445
VERON,7433
CHARRON,7413
PAGE,7406
REDON,7402
BROUSSE,7401
CLAVEL,7384
TORRES,7381
QUENTIN,7376
GENIN,7373
LE BRETON,7349
MUNOZ,7329
DEVOS,7302
PORTIER,7299
LARCHER,7292
BRUYERE,7291
BARDET,7288
SOULIE,7281
BRESSON,7279
PRUDHOMME,7268
CALVET,7258
METAYER,7237
ROBINET,7231
VERGNE,7222
MANCEAU,7221
BASTIDE,7206
JANVIER,7205
VIGOUROUX,7202
MICHELET,7202
GROSS,7197
CHEMIN,7196
CONSTANTIN,7190
SCHAEFFER,7169
CAILLE,7166
LARUE,7164
TIXIER,7151
MATHIS,7147
CHERON,7147
FUCHS,7138
CHRISTOPHE,7137
GOBERT,7136
BOSSARD,7135
BOUYER,7134
PAILLARD,7132
BOUR,7131
JEANNIN,7125
AUFFRET,7111
GUILLOUX,7095
HERAULT,7091
CARIOU,7087
NGUYEN,7058
GIL,7056
BOSC,7053
MILLE,7041
BAPTISTE,7040
CORMIER,7022
BARTHE,7016
DELARUE,7014
DELPECH,7003
SIMONNET,6995
LATOUR,6991
GOURDON,6985
OLLIER,6978
DROUIN,6973
LHOMME,6971
COUTANT,6969
SOULARD,6964
FRITSCH,6955
CHOQUET,6944
BEAUVAIS,6944
LACAZE,6938
LOISEL,6933
DARRAS,6920
BARDIN,6920
CHAPELLE,6909
MIQUEL,6907
MENAGER,6890
BESNIER,6881
DELHAYE,6866
CROUZET,6850
SERRES,6847
FAYE,6835
MERLET,6833
LAMARQUE,6822
DUBUS,6811
RENAUDIN,6802
KOCH,6801
GASNIER,6785
LAPLACE,6783
DURIEUX,6782
GALLOIS,6781
LOISON,6764
JARDIN,6754
GOSSET,6753
GAULTIER,6741
HONORE,6737
PETER,6732
LAFFONT,6732
JEGOU,6716
MALET,6715
BRAUN,6712
LELOUP,6709
CARTON,6703
GOUPIL,6696
BARRAUD,6696
PICHOT,6693
CELLIER,6689
VIARD,6688
DELCROIX,6684
JANIN,6683
OLIVE,6666
VIALA,6663
CHARDON,6662
BILLET,6662
GUYARD,6656
LAVAUD,6654
BOUILLON,6654
LEPINE,6648
CLAUDEL,6646
FAUVEL,6642
ROLLET,6641
REBOUL,6640
GENET,6639
LAMOUR,6637
COTTIN,6625
ROUSSELLE,6622
PHILIPPON,6621
LEMERCIER,6606
FEVRIER,6606
LANGLAIS,6606
MAGNIN,6590
POIROT,6587
LEGAY,6586
DAUPHIN,6586
BIDAULT,6576
COLLIGNON,6576
VILLETTE,6569
BEAU,6568
HEMERY,6557
PIOT,6553
CAZENAVE,6540
LAFOND,6535
MORET,6523
LANGLET,6522
LECERF,6521
BOULARD,6519
DEVILLERS,6518
BELLET,6507
ROLLIN,6501
ROUAULT,6501
MARCEL,6484
DESBOIS,6476
RAIMBAULT,6473
GARCIN,6460
BRISSET,6457
DELCOURT,6451
MAHIEU,6429
BAILLET,6426
CONTE,6424
BONNOT,6415
CUNY,6403
PINTO,6402
MAZET,6401
CASANOVA,6399
REMOND,6396
DELAMARE,6381
LAHAYE,6372
AUGE,6369
DEMAY,6366
VARLET,6347
CLAVERIE,6346
TOUTAIN,6338
PERNOT,6338
FREY,6338
GENTY,6337
MICHAUX,6337
LANDRY,6335
COLLARD,6324
CAPRON,6310
BELLEC,6296
OUVRARD,6290
LALANDE,6287
JAMES,6278
PRUNIER,6257
HILAIRE,6257
HUARD,6255
GAUCHER,6250
CHARTON,6250
PEYRE,6246
GUERY,6243
BACHELET,6233
NEDELEC,6232
DUBOST,6224
LE BRUN,6212
TROUVE,6207
RODIER,6199
MURAT,6193
ACHARD,6190
DURIEZ,6174
DEVILLE,6170
DEMANGE,6164
PINSON,6141
AMIOT,6137
CONAN,6136
LALLEMENT,6133
LEHMANN,6120
RAFFIN,6115
BOURBON,6108
ARNAL,6107
BACH,6099
BONNAUD,6096
SORIN,6092
LIENARD,6092
SALLE,6089
GEORGET,6089
BERAUD,6089
BARBET,6081
FRAISSE,6076
BILLAUD,6072
ABRAHAM,6071
HUGON,6071
FREMONT,6068
DAMOUR,6061
LE MOAL,6058
EVEN,6056
THIBAUT,6053
VIEL,6047
DE OLIVEIRA,6033
BARRIER,6032
LERICHE,6031
REYMOND,6028
FORGET,6028
PORCHER,6024
LAFITTE,6023
BOUCHEZ,6022
MATHE,6019
HAAS,6014
PIERROT,6012
RENAUX,6011
ESTEVE,6009
COSSON,6006
BRET,6006
THIBAUD,6005
PIERSON,6003
BOUTON,6003
PAULIN,5987
BOUET,5976
CHAILLOU,5966
DUC,5957
MADEC,5946
LENFANT,5943
NAUDIN,5940
SOLER,5935
BERGERON,5929
BUSSON,5921
CUVELIER,5917
VERNIER,5914
VIGUIER,5911
EMERY,5910
LAFARGUE,5908
LENORMAND,5905
MOISAN,5903
ROUGE,5888
DUPAS,5888
BEGUIN,5885
FRAYSSE,5885
CLAVIER,5884
MARQUIS,5879
JEANNOT,5878
LOYER,5875
GALLAIS,5866
MONIN,5861
PILLET,5858
LAURENS,5856
BIANCHI,5847
BRAUD,5846
FROGER,5843
NICOL,5842
CARRIER,5834
VIGNE,5828
DUQUESNE,5827
FEVRE,5803
CHAUVEL,5802
RICHER,5801
DESPRES,5800
VIGNON,5798
BARBOT,5796
FERRER,5792
VERGNAUD,5789
COCHARD,5788
ROCHETTE,5781
VIGNAUD,5778
LEPETIT,5777
LABROUSSE,5773
MOURET,5771
JEZEQUEL,5767
GIRARDOT,5761
GONTIER,5753
LAVILLE,5752
CHEVAL,5745
REGNAULT,5745
ROUSSEAUX,5742
CHARLIER,5737
DAVY,5735
CHAUMONT,5731
DELACROIX,5729
FONTENEAU,5721
BOUDIN,5719
GOUIN,5716
BRU,5712
THIRION,5698
MAUDUIT,5696
PERRAUD,5695
BLAIN,5690
HUBER,5687
BORDIER,5678
ROBILLARD,5667
MAISONNEUVE,5667
COPIN,5665
BERTHON,5661
GANDON,5661
PRUVOT,5660
ROUYER,5644
DIAS,5629
NAUD,5624
KUHN,5621
FAVREAU,5617
JACQUIER,5613
GUEDON,5607
LE COZ,5603
SYLVESTRE,5594
DE SOUSA,5593
MORTIER,5592
ROCH,5591
RAMOS,5588
FOSSE,5585
GIRARDIN,5580
HUGUES,5567
REVEL,5565
ALVAREZ,5564
VILAIN,5559
BAUMANN,5558
LAGACHE,5547
LAMOUREUX,5536
HENNEQUIN,5530
LARRIEU,5523
DELALANDE,5522
FERON,5515
CLOAREC,5511
TEIXEIRA,5506
GENDRE,5503
BUFFET,5503
PINARD,5490
BRULE,5487
TRAVERS,5484
ROUSSELOT,5482
FIEVET,5478
DUCROS,5470
ROSIER,5465
BRISSON,5459
LESCURE,5457
MATHON,5457
BOUTEILLER,5456
PERRAULT,5456
GONNET,5451
DEBRAY,5450
ROUSSELET,5450
GIROUD,5447
GABORIT,5443
LECHAT,5440
GUIOT,5439
TOUCHARD,5435
CORBIN,5434
ELIE,5433
DESPREZ,5430
ALLEMAND,5425
MELIN,5425
LECOURT,5423
LE CAM,5415
COLLOT,5413
LEVESQUE,5405
BROUARD,5399
LAIR,5393
NEGRE,5389
BERT,5387
CALVEZ,5386
NOURRY,5384
FLOCH,5384
LEGRAS,5382
CATHERINE,5380
LAUGIER,5375
MAROT,5373
GARRIGUES,5364
VOGEL,5362
PORTAL,5361
MOLINIER,5359
GODART,5359
LEPRINCE,5353
SERVANT,5346
VAUTIER,5345
CHATEL,5342
MAES,5340
AUDIBERT,5334
KOENIG,5333
DESLANDES,5327
ANGOT,5323
VINET,5312
CAUSSE,5308
DUCASSE,5307
VITRY,5297
LABORIE,5295
SERRA,5294
ANNE,5293
PERES,5292
CHESNEAU,5291
DEDIEU,5290
PIN,5286
COUDRAY,5282
DUFRESNE,5280
CHAPUT,5275
BREUIL,5275
SANTIAGO,5271
VERNAY,5269
CHAIX,5269
TARDIEU,5267
MOTTE,5265
BORIE,5262
FRADIN,5258
RAOUL,5257
CHENE,5255
BRASSEUR,5240
THEVENOT,5239
HEITZ,5238
NOWAK,5227
ROMAN,5225
BOILEAU,5206
MULOT,5204
GARIN,5202
LEMARIE,5201
MORA,5197
DUGUE,5191
HENRI,5191
LEBORGNE,5184
GIROD,5182
BOUVARD,5180
MIGNON,5177
OUDIN,5177
DUTERTRE,5176
PINON,5173
MENU,5167
TERRIEN,5164
CORDONNIER,5161
DOYEN,5160
BRACHET,5157
GENDRON,5141
TALBOT,5133
AUGUSTE,5118
DEFRANCE,5116
BOUE,5115
PERIER,5107
GRAVIER,5106
GIORDANO,5105
BARD,5103
HERAUD,5100
COLSON,5097
LE DU,5096
NOGUES,5085
GRASSET,5084
MASSOT,5082
PERIN,5076
HAREL,5075
GENTIL,5075
GESLIN,5072
DELMOTTE,5066
GOUGEON,5063
DOUBLET,5062
CADIOU,5059
PAULET,5050
JOYEUX,5048
CABROL,5047
FERRET,5047
LE BAIL,5046
TAILLANDIER,5045
DELPORTE,5038
CHASSAGNE,5038
GAUVIN,5036
PIRON,5035
CHABAUD,5028
CUVILLIER,5026
LENGLET,5026
QUESNEL,5026
BARET,5023
GUINET,5021
BAUDUIN,5008
FOURNET,5007
GACHET,5006
LE BARS,5004
HARDOUIN,5001
BERRY,5001
BIZET,4998
WENDLING,4994
METZGER,4992
CHAPON,4992
GOSSE,4990
PACAUD,4983
MOUSSET,4978
RENOUX,4971
BERGE,4968
RANNOU,4965
HERY,4964
ALIBERT,4957
FERRON,4952
CARO,4950
PRADEL,4938
FILLON,4937
FAYARD,4936
CAUVIN,4935
RACINE,4934
LUTZ,4933
BEAL,4930
DIEUDONNE,4929
MALHERBE,4929
DUCRET,4927
NOBLET,4917
VION,4917
MOURIER,4913
BAYARD,4912
LANGE,4912
ARNOLD,4912
CAZAUX,4912
JAMIN,4911
SUEUR,4908
PRIVAT,4896
LAMOTHE,4896
PINET,4895
CORTES,4891
THERON,4886
HERBIN,4881
MARTINI,4880
MASSET,4876
PILLOT,4872
BARRERE,4867
PELLE,4865
CLAIR,4861
VENET,4861
MORISSET,4858
DEPREZ,4853
BARTHES,4852
RAVEL,4849
SIX,4849
MAILLE,4845
CLOUET,4841
MATTEI,4841
PINOT,4834
VAUTRIN,4832
LACHAUD,4830
BOUCARD,4830
DUBUISSON,4829
PIGEON,4829
PEAN,4827
COTTE,4825
COQUET,4812
PY,4811
PATIN,4810
SILVESTRE,4809
BRION,4806
SAINT-MARTIN,4800
DION,4798
CAILLOT,4798
KAUFFMANN,4798
GUERARD,4795
ALBERTINI,4794
CAUDRON,4790
BALLAND,4790
CHARBONNEL,4789
GOBIN,4786
REYNIER,4779
DUCOS,4779
LUCE,4778
LHUILLIER,4777
LEMASSON,4775
JIMENEZ,4770
BELLOT,4769
VIVIEN,4768
VIALLE,4767
METIVIER,4762
ETCHEVERRY,4762
SCHWEITZER,4760
TEISSIER,4759
LION,4752
BACHELIER,4752
BILLY,4751
HEBRARD,4751
LE LAY,4749
ZIMMER,4745
HARTMANN,4745
METAIS,4744
MARTIAL,4742
MERY,4741
PETIOT,4739
DUBUC,4732
GALY,4732
LARROQUE,4732
JAFFRE,4731
GERARDIN,4729
MOUGIN,4728
ORY,4728
LE FUR,4726
CHENU,4726
BOURHIS,4723
MAURER,4723
ANDRES,4715
HERRMANN,4714
PINAULT,4714
MINET,4713
PEROT,4707
ANGLADE,4705
PERNET,4703
PHILIPPOT,4699
BREMOND,4695
BOUILLET,4694
BOURSIER,4693
BIARD,4688
YVON,4688
MAZE,4686
BRARD,4682
MARCHAIS,4682
PLESSIS,4681
NEAU,4681
PIAT,4676
JEAN-BAPTISTE,4676
VERGNES,4672
LEBOUCHER,4668
POLI,4668
SERRANO,4668
CANTIN,4666
BOURREAU,4666
DECLERCQ,4663
PELLET,4662
GUILLEMET,4660
GUINOT,4660
BEL,4658
LEBEL,4654
GASPARD,4653
ROZE,4651
DECROIX,4644
TESSON,4643
AUCLAIR,4635
ROMERO,4629
BONY,4628
CHAMPAGNE,4626
BIGNON,4621
ROUQUETTE,4619
BEAUDOIN,4619
BEAULIEU,4602
DUVIVIER,4599
COTE,4597
PILLON,4596
HAMARD,4596
FAYET,4594
LUCIANI,4592
LETOURNEUR,4590
BELOT,4590
SOYER,4589
TARDIF,4585
BELLIER,4584
BRICOUT,4580
FORET,4580
PHILIBERT,4579
MAZOYER,4576
GALLO,4575
AUGIER,4574
COLOMB,4574
DELPLANQUE,4573
DENIAU,4573
COLLE,4571
DAUMAS,4570
BOEUF,4567
MARIETTE,4565
OTT,4565
LECAT,4565
MUSSARD,4562
PION,4560
CARLES,4557
VIENNE,4556
SANSON,4554
BONNEL,4551
ALONSO,4548
DUMORTIER,4543
HERBERT,4542
LE GUILLOU,4535
GRALL,4527
LEMESLE,4520
BORDAS,4520
DELEPINE,4518
HUCHET,4518
LE GAC,4516
MATHIAS,4515
BERNE,4511
MENDES,4511
FORTIER,4507
BURGER,4506
CROCHET,4503
GAUDRY,4503
MONFORT,4500
POULIQUEN,4498
CHARVET,4496
TUAL,4494
TRANCHANT,4486
WOLF,4484
CORBEL,4481
PAOLI,4480
VALADE,4479
PONT,4479
LEROUGE,4478
NIEL,4476
PAJOT,4472
RAOULT,4469
MAZEAU,4468
CHAPRON,4466
DUCROT,4466
LEBOEUF,4465
GRANDIN,4463
TROUILLET,4463
KUNTZ,4458
VIGNAL,4457
GILLE,4448
MARIANI,4446
LARTIGUE,4442
BOULOGNE,4440
MOLLET,4435
POUPARD,4432
SAGE,4429
LABARRE,4427
DUVERGER,4426
HENON,4423
SAILLARD,4422
WILHELM,4416
CASTAING,4415
ROUET,4413
LONG,4409
BACQUET,4407
GERBER,4403
GONZALES,4401
PENOT,4401
GRIFFON,4397
DULAC,4397
BROCHET,4389
BORDE,4388
BECQUET,4387
GUERRIER,4385
DEROUET,4380
JACQ,4377
GUESDON,4374
QUINTIN,4370
SAUTRON,4365
LABADIE,4362
KREMER,4361
AMBLARD,4359
BARRAU,4358
MOLLARD,4353
AUDEBERT,4353
FAGES,4352
BARRAL,4350
LONGUET,4345
EYRAUD,4344
CARRON,4341
ROCHET,4340
RIEU,4339
SCHOTT,4327
COUPE,4326
DIEU,4323
GUYOMARD,4318
HUART,4318
BERANGER,4317
LAFARGE,4315
DIETRICH,4314
PASTOR,4311
MOLINA,4309
BALLET,4308
GONIN,4305
PELE,4305
BOURDET,4300
FLAHAUT,4299
GUERINEAU,4299
HECQUET,4298
CHAIGNEAU,4297
RICHE,4295
ETHEVE,4293
SERY,4284
BELLON,4283
ROUILLON,4280
GOETZ,4277
CANU,4274
JUILLARD,4272
FOUQUE,4271
FOUBERT,4270
JEANJEAN,4269
RUELLE,4267
THOUVENIN,4265
LEBRET,4264
ZIEGLER,4263
PERSON,4262
LECOEUR,4255
BERLAND,4246
FAUCON,4243
ARNAULT,4243
LESIEUR,4237
BOURCIER,4234
HEINRICH,4224
ALLAIRE,4223
CADORET,4222
DUSSART,4219
LAFAYE,4214
BIRON,4212
JEROME,4212
PICAUD,4206
QUEMENER,4205
MORELLE,4203
CABARET,4198
CRETIN,4197
BESANCON,4194
FROMENTIN,4190
MARCON,4183
MAISON,4180
BESSIERE,4179
ALLEGRE,4179
ROSSET,4179
GAREL,4178
JEGO,4177
BRIOT,4177
LE PAPE,4175
KOHLER,4171
ENGEL,4170
BROCARD,4168
EDOUARD,4161
VUILLEMIN,4161
AUBERTIN,4158
BASTARD,4157
PIRES,4157
BOURDEAU,4156
RENE,4152
BAUDE,4152
GALTIER,4150
ANCEL,4149
COURT,4148
VRIGNAUD,4148
HUGOT,4146
GOURDIN,4144
LANDREAU,4143
ROBLIN,4137
PITON,4136
PEYRON,4136
FLORES,4135
FAUCHEUX,4133
FLORENTIN,4128
PICART,4123
HERMANT,4122
GIROUX,4121
BARAT,4117
BILLOT,4115
LIMOUSIN,4114
COUVREUR,4113
DUFAU,4112
ROUANET,4112
BERNARDIN,4107
PRADIER,4106
AGOSTINI,4103
BROSSE,4102
MICHOT,4102
LOUVEL,4100
RICHAUD,4098
ROURE,4096
LECOINTE,4096
FOURRIER,4095
PAPILLON,4094
GRENET,4094
PILON,4093
AUGUSTIN,4091
BLOCH,4091
BIENVENU,4090
MAGNAN,4090
CATHALA,4090
GAYRAUD,4090
FOURNEL,4089
RENIER,4089
BOUILLOT,4089
VALLON,4087
DESJARDINS,4087
BOURGES,4087
GUILLERM,4081
LHEUREUX,4077
DUEZ,4074
ROUILLARD,4074
MILON,4074
GERAUD,4074
MONNOT,4071
ROZIER,4071
CANO,4070
BLAIS,4066
SOUCHET,4063
GUILLOTEAU,4061
GUERET,4056
FRANCO,4056
THOREL,4051
VALET,4044
JAUBERT,4043
DESVIGNES,4042
FILIPPI,4042
GUILLAUD,4039
BOURGOIS,4036
GROLLEAU,4035
BEAURAIN,4035
LE MOIGNE,4035
VICTOR,4034
GAUTRON,4031
HENRION,4026
PANNETIER,4024
JAY,4022
CHANUT,4019
LE GUERN,4018
ARNOULT,4016
CRESPIN,4012
PIERRET,4012
PECH,4008
DELON,4007
BOURG,4006
SOREL,4005
PINAUD,4005
NOE,4005
MUGNIER,4005
CHOLET,4003
PELLEGRIN,3998
BOURGET,3996
PAPON,3994
DREVET,3991
CARETTE,3987
PAILLET,3980
HAVARD,3979
COLLOMB,3977
METZ,3976
SIRE,3975
RAY,3974
CLUZEL,3974
BARDON,3972
POIRET,3970
DEMOULIN,3969
BROUTIN,3965
SEGARD,3964
GRAFF,3962
ALLART,3960
AMIEL,3959
BARTOLI,3952
FEUILLET,3952
COLOMBIER,3944
AVENEL,3943
BRICE,3942
GUINARD,3942
CAMBON,3942
GILLARD,3941
ROULET,3939
LORIOT,3939
THIRY,3936
BUNEL,3934
MESSAGER,3934
PEYROT,3933
SAGOT,3932
RICCI,3928
LEPINAY,3928
MOREAUX,3928
HERRY,3927
CASSAGNE,3925
LESNE,3917
FRADET,3917
MARCEAU,3915
GIRAUDEAU,3915
AUTRET,3912
MORILLON,3911
FOUCHE,3911
HENRIOT,3910
WINTERSTEIN,3907
RAVIER,3906
BLANCHON,3905
BOURDIER,3903
RIBES,3903
DANET,3903
BONTE,3901
DOUAY,3900
DELRIEU,3900
NEUVILLE,3900
FRANCOISE,3900
ALLAIS,3897
DELVAL,3895
LE CALVEZ,3895
MONTEL,3893
LOUBET,3893
HAY,3892
BONIFACE,3887
POTIN,3886
PORET,3885
COUTURE,3885
ROUVIERE,3884
GASTON,3880
MATHEY,3877
RIGAULT,3875
DELAIRE,3873
TRAORE,3868
MESTRE,3867
DEBARD,3867
PRAUD,3864
CASSAN,3859
LOCATELLI,3857
FROMONT,3857
GAMBIER,3853
THOMASSIN,3853
BORDET,3849
GOMBERT,3846
DIALLO,3841
PAULY,3840
BORNE,3839
RICHET,3839
LAMARRE,3839
HEUZE,3835
LUC,3835
GRANET,3833
BARRAULT,3833
DUFOSSE,3832
BELLIARD,3830
LECOINTRE,3829
AIME,3829
SEGURA,3829
EON,3828
PLANCHON,3827
PATRY,3827
CROSNIER,3825
ROCHARD,3824
CHABRIER,3822
RAUX,3820
BRIQUET,3820
BUQUET,3816
KEMPF,3815
SIMEON,3813
SANTOS,3813
RIBOT,3811
FAGOT,3808
FLAMANT,3807
HUREL,3805
LAFOSSE,3805
PERREAU,3804
LORIN,3803
STEINER,3802
DELPIERRE,3801
VANDAMME,3801
BODET,3797
DELHOMME,3797
FERET,3792
ROUDAUT,3790
CARLE,3790
MOLLE,3787
DUBOC,3786
ORTEGA,3776
LE GRAND,3773
LEMEE,3769
DUTHEIL,3762
LEVILLAIN,3760
LIBERT,3758
GIRARDEAU,3758
GAYET,3758
HOCHART,3752
GENESTE,3752
BLOND,3749
BARTH,3745
ROUTIER,3745
GRILLET,3743
ASTRUC,3742
CHOTARD,3739
ROBINEAU,3738
RUEL,3737
BERTHOU,3737
MONTEIRO,3736
JOUIN,3736
PAUMIER,3735
POITEVIN,3733  
DESBORDES,3732
DELACOUR,3731
LAGIER,3727
HERMANN,3726
VIEIRA,3726
KERN,3723
BARRY,3722
GUITARD,3721
BOUSSARD,3721
CADOT,3721
GUITTARD,3720
FERRERO,3719
LE SAUX,3718
ANQUETIL,3716
LEDRU,3713
GAILLOT,3713
CAZES,3711
DUFLOT,3709
MILLON,3707
BATARD,3707
OLIVEIRA,3706
BREBION,3706
LAURENCE,3705
AYMARD,3704
AUGEREAU,3700
MOURGUES,3700
DUQUENNE,3696
LUX,3690
GALLOT,3690
TRICOT,3687
LE PAGE,3686
NOURY,3686
ELOY,3686
GUYADER,3686
LAGOUTTE,3684
NATIVEL,3683
FOLLET,3678
SEVIN,3675
JOURNET,3674
TALON,3672
NICOT,3672
SEVESTRE,3670
VERMEULEN,3670
DUPORT,3669
BARDOU,3668
MOREIRA,3668
PARADIS,3666
FRITZ,3664
MAUDET,3663
GEAY,3661
BRUEL,3656
TAUPIN,3656
MICHAUT,3655
VERHAEGHE,3650
PAGET,3643
ESCOFFIER,3641
LANGEVIN,3638
RIVES,3637
PERE,3636
BESSET,3634
FAURIE,3634
LAFFITTE,3632
WALLET,3631
SUZANNE,3631
LAGADEC,3629
FLORENT,3625
LENOBLE,3624  
LERAT,3621
FRERE,3620
CHEREAU,3620
ROBIC,3620
THIRIET,3619
ROUGET,3618
NOIROT,3617
CHARRIERE,3615
GILET,3614
ALEXIS,3614
MEVEL,3611
FRANC,3608
PHILIP,3608
BLOUIN,3603
SEGUY,3603
EYMARD,3602
NADAL,3601
HERVOUET,3598
LEBERT,3596
PRINCE,3594
DUFLOS,3592
BOISSIERE,3590
BONNIER,3587
DELRUE,3586
BARANGER,3585
BOUDON,3582
RAMON,3578
MAYET,3577
GUYONNET,3577
COMPAIN,3577
LANNOY,3576
COLOMBO,3572
HUYGHE,3571
MAHIEUX,3571
DEBRUYNE,3570
GROSSET,3567
POUJOL,3566
BERTHO,3565
ROUILLE,3563
MARCHE,3562
COGNET,3562
DEMARET,3559
LAUDE,3552
TOUZE,3549
PROUTEAU,3549
DUQUESNOY,3547
BARROIS,3547
CANET,3546
BOUDIER,3544
MORLET,3543
BOURY,3542
BAILLON,3541
WIART,3540
RICHEZ,3539
PEYRARD,3537
LEBOURG,3535
KESSLER,3535
VAUTHIER,3533
SMITH,3533
VALLIER,3532
CHAZAL,3532
SUTTER,3530
GELY,3529
DANEL,3529
COURTY,3527
JUHEL,3527