Jean,1462478
Philippe,999104
Michel,950584
Alain,865874
Patrick,774590
Nicolas,772686
Christophe,745720
Pierre,676542
Christian,664310
Éric,630762
Frédéric,621064
Laurent,618826
Stéphane,604702
David,604506
Pascal,599802
Daniel,599346
Sébastien,597024
Julien,575674
Thierry,574254
Olivier,538594
Bernard,534846
Thomas,512682
Alexandre,502294
Gérard,472424
Didier,458652
Dominique,444616
Vincent,431032
François,422352
Bruno,421420
Guillaume,412908
Jérôme,403772
Jacques,384186
Marc,371172
Maxime,364812
Romain,359946
Claude,358060
Antoine,354142
Franck,345576
Jean-Pierre,342394
Anthony,337204
Kévin,324690
Gilles,322376
Cédric,301428
Serge,300156
André,288006
Mathieu,282804
Benjamin,272972
Patrice,266348
Fabrice,265536
Joël,265256
Jérémy,262854
Clément,261552
Arnaud,257674
Denis,255970
Paul,254076
Lucas,253642
Hervé,252124
Jean-Claude,252122
Sylvain,250734
Yves,247758
Ludovic,244244
Guy,244104
Florian,243878
Damien,242220
Alexis,239006
Mickaël,237628
Quentin,237100
Emmanuel,235416
Louis,234886
Benoît,232342
Jean-Luc,221492
Fabien,215308
Francis,207114
Hugo,204236
Jonathan,204138
Loïc,202382
Xavier,202106
Théo,190870
Adrien,189866
Raphaël,188984
Jean-François,183386
Grégory,178804
Robert,175944
Michaël,175294
Valentin,172906
Cyril,172300
Jean-Marc,169868
René,167576
Lionel,167410
Yannick,166178
Enzo,164994
Yannis,160646
Jean-Michel,159586
Baptiste,154286
Matthieu,152532
Rémi,151660
Georges,151434
Aurélien,149922
Nathan,148876
Jean-Paul,148108